3.5,0.0,3.5,-0.5795034028720949,-0.7956733576
3.4557905506000792,-0.006715801775267855,3.4465594663762076,-0.5946544842021535,-0.7856817684
3.4116139994399033,-0.013536146758155608,3.393397525315009,-0.610124007863577,-0.7756110138
3.367472862815702,-0.020465024769281973,3.3405286742971323,-0.6259241212278558,-0.7654584660
3.3233697833348397,-0.027506630706099915,3.287968144276998,-0.6420674854126305,-0.7552213296
3.279307543953744,-0.034665380503112686,3.2357319474191586,-0.6585672924508141,-0.7448966035
3.235289074765323,-0.04194592363328771,3.1838369171804297,-0.6754372784564535,-0.7344811337
3.191317063745844,-0.04935292853071048,3.1323002867046923,-0.6926915973242532,-0.7239946006
3.1473949369558176,-0.056891653769551284,3.0811408758004677,-0.7103451729499467,-0.7133956694
3.103526155468438,-0.06456755633408134,3.030378294220194,-0.7284134519001295,-0.7026976688
3.059714302266499,-0.07238635210958717,2.9800330817917433,-0.7469124365700418,-0.6918973709
3.015963159069827,-0.08035407154220714,2.930126834162134,-0.7658587084521327,-0.6809911205
2.972276724224046,-0.08847708243844775,2.8806822587782737,-0.7852694255879114,-0.6699750141
2.9286592288218083,-0.09676211254592143,2.8317232279520104,-0.8051623133351398,-0.6588450400
2.8851151544653337,-0.105216273964115,2.78327483235389,-0.8255556485673502,-0.6475970841
2.841649249915237,-0.11384708773188446,2.7353634311479524,-0.8464682351529907,-0.6362267056
2.79826655532465,-0.12266251394080178,2.688016707516666,-0.8679193722352742,-0.6247291472
2.754972422019371,-0.13167098006661385,2.6412637151151603,-0.889928809749548,-0.6130995533
2.7117725412065736,-0.1408814157875981,2.595134928891858,-0.9125166939281861,-0.6013327142
2.6686729668386793,-0.15030328514378766,2.5496622826940523,-0.9357034961380389,-0.5894230406
2.625680149470748,-0.15994662656195086,2.5048792100537223,-0.9595099285287491,-0.5773647525
2.5828009666665195,-0.16982209171563725,2.460820670582294,-0.9839568397890401,-0.5651516483
2.540042759610331,-0.1799409892578946,2.4175231699367177,-1.0090650919415076,-0.5527771173
2.497413379934789,-0.1903153360688278,2.3750247743275996,-1.0348554170031987,-0.5402332701
2.4549211202567114,-0.20095783375478743,2.3333649927713487,-1.0613482165856831,-0.5275199727
2.4125750064082374,-0.2118820810380956,2.292584994558332,-1.0885634364002024,-0.5146187664
2.370384680197807,-0.22310252020118226,2.252727392159987,-1.116520293235647,-0.5015257716
2.3283607310080168,-0.2346346782825405,2.2138364236343913,-1.1452370921953743,-0.4882189896
2.2865141176287134,-0.2464948081748387,2.175957253433551,-1.1747307818735757,-0.4747113108
2.2448567408055573,-0.2587002892229415,2.1391363193339514,-1.2050167806564467,-0.4609821876
2.20340146419765,-0.27126966205072806,2.103421104491054,-1.2361086211833228,-0.4470204312
2.1621621535278153,-0.2842226743339399,2.068859882891991,-1.2680175762155819,-0.4328140440
2.1211537701171728,-0.2975803600776812,2.035501461708176,-1.3007522751264478,-0.4183500451
2.080392470018617,-0.3113651191799834,2.003394870797481,-1.3343183044511613,-0.4036148898
2.039895737833297,-0.32560081542595604,1.9725890177274745,-1.3687178053177536,-0.3885927753
1.9996825014768904,-0.34031285516133825,1.9431322616240403,-1.4039490671219486,-0.3732675608
1.9597732741644882,-0.355528275715697,1.9150719413014736,-1.4400061388190772,-0.3576214492
1.9201903155656717,-0.3712758354668395,1.8884538485341573,-1.4768784695228012,-0.3416338949
1.8809578370051183,-0.38758611865937137,1.8633216613900523,-1.5145505966573296,-0.3252829450
1.8421020805307684,-0.40449153803346843,1.8397162326601397,-1.553001879402335,-0.3085545182
1.8036516729057235,-0.42202649794546093,1.8176749947478674,-1.5922063446961248,-0.2914120650
1.7656377350659411,-0.440227364602934,1.7972311555993568,-1.6321325993670646,-0.2738316760
1.7280942802005477,-0.45913259123718453,1.778413016658286,-1.6727438852675727,-0.2557824858
1.691058390510973,-0.4787826513321348,1.7612431278119838,-1.7139982405138137,-0.2372303387
1.6545705631474388,-0.4992200275370198,1.7457375127988841,-1.7558488156678114,-0.2181373803
1.618675056190239,-0.5204891310022967,1.7319048767848244,-1.7982443335311464,-0.1984613827
1.5834202651938813,-0.542636155902017,1.7197458240990426,-1.841129696035853,-0.1781551391
1.5488591366311757,-0.5657088547195461,1.7092520966471096,-1.8844467323299345,-0.1571656809
1.5150497410423243,-0.5897562851403928,1.7004058667742596,-1.928135076851926,-0.1354304483
1.4820553334974729,-0.6148281026175082,1.6931789149544216,-1.9721331476885378,-0.1128893684
1.449945373708784,-0.6409742545532829,1.6875320789568922,-2.0163792278468873,-0.0894597290
1.4187959265907528,-0.6682440835802778,1.6834145079643175,-2.0608125859809174,-0.0650541305
1.3886902358951216,-0.6966852929318387,1.680762949525639,-2.105374628206393,-0.0395719712
1.3597193172033257,-0.7263426420589575,1.6795009905777412,-2.150010044297547,-0.0128997373
1.331851858372413,-0.7571922307590534,1.6795400794082191,-2.194667904715205,0.0000000000
1.3042106246513314,-0.7888052534107601,1.6808324190844846,-2.2393014407099505,0.0000000000
1.2767379185159777,-0.8211797360943759,1.6833731878103664,-2.2838651451434058,0.0000000000
1.2494670229443023,-0.8543604440567876,1.6871547664866844,-2.3283141892350687,0.0000000000
1.2224334575959226,-0.8883944249751573,1.6921658943066435,-2.372604839910934,0.0000000000
1.1956751507420595,-0.9233309435685341,1.698391793363316,-2.416694855849848,0.0000000000
1.1692326167422635,-0.959221354824466,1.7058143290657952,-2.4605438491530283,0.0000000000
1.143149136250969,-0.9961188997955975,1.7144122022039225,-2.5041136055030235,0.0000000000
1.1174709352150884,-1.0340784052000191,1.7241611678526374,-2.5473683573637618,0.0000000000
1.0922473573371294,-1.073155865292683,1.7350342758691544,-2.590275006587114,0.0000000000
1.0675310229989408,-1.1134078818795914,1.7470021275149583,-2.6328032946265285,0.0000000000
1.043377965654833,-1.1548909362497854,1.7600331427225062,-2.6749259203157902,0.0000000000
1.0198477344190597,-1.1976604656715586,1.774093832704598,-2.716618606766969,0.0000000000
0.9970034490394171,-1.2417697175745501,1.789149072945016,-2.757860120312127,0.0000000000
0.9749117907702862,-1.287268357433912,1.8051623720788317,-2.7986322455165626,0.0000000000
0.9536429100167118,-1.3342008126688116,1.8220961327336949,-2.838919721107632,0.0000000000
0.9332702292974185,-1.3826043456558588,1.8399119010234501,-2.8787101421929675,0.0000000000
0.9138701184678489,-1.4325068653112834,1.8585706020290655,-2.9179938344025733,0.0000000000
0.8955214187772076,-1.4839245094503088,1.8780327592396378,-2.956763705610654,0.0000000000
0.8783047938374688,-1.5368590595650429,1.8982586965340082,-2.9950150807132987,0.0000000000
0.8623018896465028,-1.5912952850714572,1.9192087218427625,-3.032745524599447,0.0000000000
0.8475942930808134,-1.6471983533187584,1.9408432921283203,-3.0699546579975534,0.0000000000
0.8342622892124786,-1.7045114807543307,1.9631231597498982,-3.106643970349353,0.0000000000
0.8223834324753723,-1.7631540336417502,1.986009500637425,-3.1428166332910368,0.0000000000
0.8120309645662737,-1.8230203060381687,2.00946402498483,-3.1784773177414225,0.0000000000
0.803272131691971,-1.883979200103379,2.0334490713922078,-3.213632017030621,0.0000000000
0.7961664731972408,-1.9458750020748115,2.0579276855439694,-3.2482878779696454,0.0000000000
0.7907641698661598,-2.008529382589674,2.0828636846132174,-3.2824530412740107,0.0000000000
0.7871045501157728,-2.07174465425963,2.1082217086389132,-3.3161364923204633,0.0000000000
0.7852148530616456,-2.135308201318251,2.1339672601396886,-3.349347922839199,0.0000000000
0.7851093372657819,-2.1989978713394946,2.1600667332138674,-3.3820976038247133,0.0000000000
0.7867888028301324,-2.2625880073866145,2.1864874333363375,-3.414396269684708,0.0000000000
0.7902405643463004,-2.3258557204843786,2.213197589005551,-3.446255013434542,0.0000000000
0.7954388768499059,-2.3885869720559496,2.2401663563235306,-3.4776851925796577,0.0000000000
0.8023457812630582,-2.4505820599228185,2.267363817512938,-3.5086983452048393,0.0000000000
0.8109123048129058,-2.511660174876815,2.2947609742918176,-3.5393061157014247,0.0000000000
0.8210799295612448,-2.57166280354489,2.3223297369416405,-3.569520189506136,0.0000000000
0.8327822306788056,-2.630455877615816,2.35004290982016,-3.5993522361928525,0.0000000000
0.8459465856310143,-2.6879306893045003,2.377874173989173,-3.6288138602466042,0.0000000000
0.8604958644197083,-2.744003691940614,2.4057980675498465,-3.657916558853069,0.0000000000
0.8763500267000756,-2.7986153731184866,2.433789964205714,-3.686671686053197,0.0000000000
0.8934275708016044,-2.8517284233617417,2.4618260505062937,-3.715090422638082,0.0000000000
0.911646799500363,-2.903325428997442,2.4898833021627644,-3.7431837511911694,0.0000000000
0.9309268855562018,-2.953406300790212,2.5179394597713207,-3.770962435721173,0.0000000000
0.9511887351178313,-3.001985618079587,2.5459730042295954,-3.7984370053678225,0.0000000000
0.972355658484945,-3.049090029436632,2.573963132086662,-3.825617741702444,0.0000000000
0.9943538654046951,-3.0947558113845375,2.6018897310273252,-3.8525146691852177,0.0000000000
1.0171128064913784,-3.1390266507217786,2.6297333556563203,-3.8791375483799833,0.0000000000
1.040565384128319,-3.1819516857874692,2.6574752037173233,-3.905495871565038,0.0000000000
1.064648056030186,-3.223583818464801,2.6850970928549223,-3.9315988604140704,0.0000000000
1.0893008531539932,-3.263978291645277,2.7125814380045514,-3.9574554654549345,0.0000000000
1.1144673313848046,-3.303191515484586,2.739911229475481,-3.98307436704522,0.0000000000
1.1400944738012162,-3.3412801190122496,2.7670700117749316,-4.008463977632436,0.0000000000
1.166132557640365,-3.3783002004149325,2.7940418632069117,-4.033632445093126,0.0000000000
1.192534997525101,-3.4143067485982903,2.820811376267178,-4.058587656969383,0.0000000000
1.2192581741993336,-3.4493532096079615,2.8473636388454744,-4.083337245443185,0.0000000000
1.2462612559949697,-3.483491173500114,2.873684216237729,-4.107888592908733,0.0000000000
1.2735060185386236,-3.5167701598081904,2.89975913396386,-4.132248838020811,0.0000000000
1.3009566667862533,-3.549237482511938,2.9255748613811616,-4.156424882113128,0.0000000000
1.3285796623224544,-3.5809381781496215,2.9511182960786475,-4.180423395894826,0.0000000000
1.3563435579449243,-3.6119149832842026,2.9763767490340967,-4.204250826346019,0.0000000000
1.384218840838486,-3.6422083498621904,3.001337930512742,-4.227913403744461,0.0000000000
1.4121777850932726,-3.6718564890565224,3.0259899366844163,-4.251417148765353,0.0000000000
1.4401943139075908,-3.7008954359576105,3.050321236934438,-4.274767879605087,0.0000000000
1.468243871510752,-3.729359128982635,3.0743206618424788,-4.297971219087415,0.0000000000
1.4963033046220284,-3.7572794991351532,3.0979773918030125,-4.321032601717276,0.0000000000
1.5243507531098506,-3.784686565292564,3.121280946260663,-4.343957280653444,0.0000000000
1.5523655494149555,-3.8116085325564253,3.1442211735337473,-4.36675033457631,0.0000000000
1.5803281262399114,-3.838071891397637,3.166788241199524,-4.3894166744315815,0.0000000000
1.6082199319753785,-3.864101515890381,3.18897262701506,-4.411961050034593,0.0000000000
1.6360233533228181,-3.8897207597780996,3.210765110348169,-4.434388056523287,0.0000000000
1.6637216445780634,-3.9149515494713554,3.232156764093529,-4.4567021406508,0.0000000000
1.6912988630555688,-3.939814473358043,3.2531389470498433,-4.478907606911131,0.0000000000
1.7187398101557003,-3.96432886702534,3.2737032967347055,-4.501008623493446,0.0000000000
1.7460299776044543,-3.9885128941618815,3.2938417226146948,-4.523009228062453,0.0000000000
1.7731554984245221,-4.012383623037772,3.313546399729109,-4.544913333363781,0.0000000000
1.8001031022272023,-4.035957098557297,3.3328097626866477,-4.566724732654624,0.0000000000
1.8268600744452654,-4.0592484099511355,3.351624500015262,-4.588447104961009,0.0000000000
1.8534142191567842,-4.082271754226923,3.3699835488463012,-4.6100840201639555,0.0000000000
1.8797538251786496,-4.10504049553339,3.3878800899149835,-4.631638943917542,0.0000000000
1.9058676351357215,-4.1275672206176015,3.4053075428600854,-4.653115242402542,0.0000000000
1.931744817237092,-4.149863790569723,3.4222595618066336,-4.674516186919753,0.0000000000
1.9573749395147253,-4.171941389057517,3.4387300312162,-4.695844958327591,0.0000000000
1.9827479463017403,-4.193810567255144,3.4547130619902284,-4.71710465132879,0.0000000000
2.0078541367478517,-4.215481285669239,3.470202987812609,-4.7382982786113255,0.0000000000
2.0326841451880693,-4.236962953060692,3.4851943617184724,-4.7594287748488195,0.0000000000
2.0572289231977257,-4.258264462653955,3.4996819528769136,-4.780499000565845,0.0000000000
2.0814797231823836,-4.279394225817725,3.5136607435760583,-4.801511745873594,0.0000000000
2.1054280833652554,-4.300360203391931,3.527125926399554,-4.822469734081427,0.0000000000
2.129065814047549,-4.321169934826568,3.5400729015842236,-4.843375625189833,0.0000000000
2.1523849850287644,-4.341830565288328,3.552497274549234,-4.864232019270302,0.0000000000
2.1753779140844576,-4.362348870881346,3.5643948535877166,-4.885041459737577,0.0000000000
2.1980371564085233,-4.382731282118978,3.5757616477123637,-4.905806436519701,0.0000000000
2.2203554949356343,-4.402983905774363,3.586593864647037,-4.926529389131205,0.0000000000
2.242325931467281,-4.423112545228735,3.5968879089569707,-4.947212709654687,0.0000000000
2.2639416785318836,-4.443122719428089,3.6066403803106186,-4.967858745635989,0.0000000000
2.285196151915819,-4.463019680550878,3.6158480718666923,-4.988469802898026,0.0000000000
2.3060829638079627,-4.482808430481919,3.6245079687803683,-5.009048148278286,0.0000000000
2.326595916505546,-4.502493736180737,3.632617246823086,-5.029596012294888,0.0000000000
2.346728996633841,-4.522080144025968,3.6401732711107697,-5.050115591746006,0.0000000000
2.3664763698364433,-4.541571993211369,3.647173594935703,-5.07060905224735,0.0000000000
2.3858323758967743,-4.560973428263305,3.653615958697672,-5.091078530712351,0.0000000000
2.404791524254918,-4.580288410744292,3.6594982889303496,-5.111526137779553,0.0000000000
2.4233484898870667,-4.599520730202319,3.6648186974192534,-5.1319539601916615,0.0000000000
2.4414981095177124,-4.618674014421135,3.669575480407954,-5.152364063130622,0.0000000000
2.4520330799645373,-4.638396794776176,3.672387381396909,-5.172773879164974,-0.3045907360
2.455302603157722,-4.658731175821896,3.6736266305787595,-5.193190430777253,-0.2873501743
2.4593709726940522,-4.679011278078956,3.6750871548155915,-5.213598384059423,-0.2696640164
2.4642409534613874,-4.699225342181426,3.6767337294911773,-5.2339966488059195,-0.2515008828
2.4699152753244173,-4.719361638745198,3.678528555943521,-5.2543844280637515,-0.2328265099
2.4763968618774004,-4.739408474447374,3.6804310519165577,-5.274761224402391,-0.2136015645
2.483688835846398,-4.75935420245034,3.682397522531306,-5.295126844835667,-0.1937827381
2.4917947639101437,-4.779187215321955,3.6843808510980915,-5.315481403040601,-0.1733225869
2.500718722332214,-4.798895941084236,3.6863300755138364,-5.335825319013706,-0.1521645116
2.510465580472174,-4.818468817702871,3.688189945538478,-5.356159314399288,-0.1302504338
2.5210411842680194,-4.837894264308197,3.6899003626315774,-5.3764844029206005,-0.1075070814
2.5324526010234165,-4.857160637995885,3.69139572904048,-5.396801873606099,-0.0838581121
2.544708508982674,-4.876256164691401,3.6926041867298913,-5.417113264455404,-0.0592111407
2.557819479206554,-4.895168864389729,3.6934466832241624,-5.437420323032624,-0.0334614454
2.5717985039160647,-4.913886434091819,3.693835873035663,-5.457724948824431,-0.0064890938
2.5704286655524067,-4.932333370614341,3.6876506732160275,-5.4778961839807625,-0.6317449810
2.5691322028083774,-4.9508358869957325,3.6815080405367833,-5.498116410346799,-0.6323768773
2.55778645204287,-4.969316866676594,3.6715084989744446,-5.518302430300211,-0.6249920870
2.5565088653336545,-4.9879248742819104,3.665438821304844,-5.538615635685518,-0.6256593148
2.5452579201419803,-5.006513706700524,3.6555910957141595,-5.558896740661931,-0.6182378167
2.5439992578809596,-5.025227820976399,3.6495976658857465,-5.579302469790352,-0.6189378612
2.5278598166848307,-5.043889385974694,3.638032154447974,-5.5996393512689,-0.6072411107
2.5266434353530483,-5.062780151293083,3.6323220226007877,-5.620153024895552,-0.6079957010
2.5157929886587853,-5.081659609839136,3.6230416464370565,-5.640641216608379,-0.6004685688
2.514595835283653,-5.1006574162055145,3.617420896879883,-5.661243832231919,-0.6012554345
2.503855869821768,-5.119646293738148,3.6083071416547416,-5.681822987956889,-0.5936855460
2.5026778458050543,-5.138751642412627,3.602779359082857,-5.702513785062522,-0.5945033088
2.492052145698763,-5.1578504729199315,3.593835637465629,-5.723183127642238,-0.5868931782
2.490893366680088,-5.177063855071242,3.588404598353651,-5.743961279974458,-0.5877384690
2.4803856221837957,-5.1962731131692745,3.579634223803939,-5.764719951272845,-0.5800803648
2.4792461281018254,-5.215594990189995,3.5743037487748914,-5.785584558507411,-0.5809567546
2.468860287190531,-5.2349151285523075,3.5657101622124827,-5.80643162642778,-0.5732527377
2.467740106810595,-5.254345928616221,3.5604841312621174,-5.827381712682326,-0.5741565787
2.457480350748504,-5.273777368669801,3.552070871990049,-5.848316167202902,-0.5664051027
2.4563795104078983,-5.293317482577534,3.5469532204396668,-5.869350678273694,-0.5673357261
2.446250211284946,-5.3128606040561515,3.5387238890633412,-5.890371427430646,-0.5595346810
2.4451687415762113,-5.332510382319784,3.53371860490026,-5.911489228652649,-0.5604904806
2.435174384293632,-5.352165508227928,3.5256768027915295,-5.93259509411326,-0.5526400610
2.4341123030402705,-5.3719252550481436,3.5207879071409227,-5.953794967990224,-0.5536169365
2.424257722409363,-5.391692675255472,3.5129373842484126,-5.974984688212457,-0.5457166366
2.4232150572214324,-5.411562644881409,3.5081689326394523,-5.99626533209482,-0.5467101780
2.413505247688889,-5.431442585030147,3.500513447416085,-6.017537554881067,-0.5387581305
2.412482050595366,-5.451422978740485,3.495869528327583,-6.038897579407032,-0.5397714214
2.4029222842634588,-5.471415601026471,3.488412893604703,-6.060250861769571,-0.5317614153
2.4019186510547366,-5.491506547573959,3.4838975820282565,-6.081688787762805,-0.5327993331
2.3925143598909724,-5.511611941997642,3.4766436126710665,-6.103121592523526,-0.5247259132
2.391530254859847,-5.531813502074195,3.4722609308912347,-6.124635848988896,-0.5257803851
2.3905360247591516,-5.552004212340039,3.46776041290037,-6.146175305107538,-0.5268394384
2.3811674035306307,-5.572210645482835,3.460582499869551,-6.167710619274783,-0.5187207514
2.3801925994409414,-5.592512784867099,3.456216501905758,-6.189326506536097,-0.5197961633
2.3709868680824644,-5.61283280171801,3.4492464801875364,-6.210939779795241,-0.5116142639
2.3700314595693692,-5.63324633497315,3.445019020770946,-6.232630391589382,-0.5127016347
2.360994788602362,-5.653679855846442,3.438260818817481,-6.254319852287587,-0.5044555031
2.360058806197406,-5.6742046700877635,3.4341759020092937,-6.27608338846644,-0.5055536733
2.359113482654129,-5.694719626195902,3.4299815814906567,-6.297871108654715,-0.5066587384
2.350131346588622,-5.715255893038994,3.4233171019284545,-6.319658629016628,-0.4983598319
2.3492053225447074,-5.7358828013011705,3.419267531742937,-6.3415190545978035,-0.4994744380
2.340401171419609,-5.756533036578745,3.4128204982163477,-6.363380629766539,-0.4911069978
2.339494490959692,-5.77727165320697,3.408919606992173,-6.3853118115438665,-0.4922254127
2.3308751750607626,-5.798035542050696,3.402693929296669,-6.407245414747203,-0.0002464191
2.3299159720380067,-5.818817528301995,3.3987556801227967,-6.4292327397961095,-0.4849240183
2.329019880130194,-5.8396590249209,3.3949046940856147,-6.451256647944308,-0.4860588837
2.320474077729574,-5.860527101647362,3.388788870497845,-6.473283852608173,-0.4775620970
2.3195971778759286,-5.881480434713935,3.3850927215961315,-6.495375937778987,-0.4786914605
2.3187120601780578,-5.902425335196623,3.3812986246183736,-6.517490758076109,-0.4798388577
2.3102476529468134,-5.923398134416788,3.375299695455737,-6.539609739013957,-0.4712798225
2.3093816113188415,-5.944455290138515,3.3716629073531683,-6.5617920828054075,-0.4724231771
2.30111629973896,-5.965542117048188,3.3658932122476335,-6.583979670881379,-0.4637858905
2.3002693261298632,-5.98671094602185,3.3624173158761708,-6.6062272706013125,-0.4649209725
2.299414682333476,-6.0078722611207915,3.3588503850201983,-6.62849665133218,-0.4660714877
2.2912470279251873,-6.029064529641715,3.3532105146255033,-6.65077207082069,-0.4573684244
2.290411355383531,-6.050337749182665,3.349806974336233,-6.673105806383557,-0.4585066838
2.2895682453585695,-6.0716037107018455,3.3463144361906787,-6.695461071278515,-0.4596653363
2.281504022473365,-6.092901891773307,3.340808840097818,-6.7178231382397895,-0.4508961889
2.280679699468237,-6.11427992178231,3.3374821719943193,-6.740241766931254,-0.4520363635
2.2798482343484836,-6.1356509933360375,3.3340687891266616,-6.762681637281037,-0.4531963611
2.271893709656596,-6.157055526412604,3.328702172576858,-6.785129038030276,-0.4443545246
2.2710809423677656,-6.178538762531422,3.3254571794243444,-6.807631187268078,-0.4454975715
2.2702612058008125,-6.200015363282763,3.3221279009466187,-6.830154248984318,-0.4466575394
2.2624231081610855,-6.221526640834292,3.3169051901317665,-6.852685530945739,-0.4377452640
2.2616218935172587,-6.243115410924934,3.313746758802455,-6.87526968597771,-0.4388836361
2.2608140333439817,-6.264697922996147,3.3105067776563213,-6.897874384700281,-0.4400407554
2.2530996771669956,-6.286316291617305,3.305433170385427,-6.920487950269319,-0.4310507008
2.252310267473194,-6.308010891438669,3.302366508316763,-6.94315245239431,-0.4321852412
2.251514419002163,-6.329699637480785,3.299221196980963,-6.965837083264662,-0.4333364468
2.2439316354321326,-6.351425374371791,3.294302099640744,-6.9885311796286596,-0.4242668930
2.243154086907635,-6.373226012020696,3.2913324794561594,-7.01127421275305,-0.4253911410
2.242370397270034,-6.395021251747645,3.2882873992764283,-7.0340369145126,-0.4265343048
2.2349276509048916,-6.4168545624785365,3.283528467851141,-7.056809627815119,-0.4173815002
2.234162117720557,-6.4387613771364975,3.280661369006685,-7.07962921530872,-0.4184900282
2.2333907538724365,-6.460663291068682,3.2777222423771155,-7.102467962466727,-0.4196214654
2.2260972080884853,-6.4826042960800025,3.273129382963913,-7.1253172100213,-0.4103818874
2.2253438171742377,-6.5046173294470435,3.270370395721425,-7.148211205723962,-0.4114725620
2.2245849084682354,-6.526626004765892,3.2675430656301767,-7.171123801530237,-0.4125845081
2.223820357338576,-6.548629913709042,3.2646447128458007,-7.1940554685492355,-0.4137182228
2.216591377530033,-6.570673812349725,3.2601427585354634,-7.2169980799648155,-0.4044070868
2.2158445782936536,-6.592789253125275,3.2574265169007135,-7.239984444542971,-0.4054972939
2.2150924047782388,-6.614900495991259,3.2546430696239113,-7.262989291890086,-0.4066090728
2.2080272247404893,-6.637052633536954,3.2503161752122813,-7.2860054683393765,-0.3972047986
2.2072926868158995,-6.659274733339378,3.247716825237354,-7.3090631821664935,-0.3982673854
2.206553125318847,-6.681493249415901,3.2450543621750136,-7.332138736488372,-0.3993523076
2.2058084455757685,-6.703707803832632,3.2423263193330514,-7.355232574712673,-0.4004591599
2.1988283265208275,-6.725964090888487,3.238105713775486,-7.378338111183936,-0.3909764833
2.198100983380575,-6.748289655815311,3.2355636271417896,-7.401483985305925,-0.3920310456
2.197368817385535,-6.770611905803343,3.2329602110619406,-7.424647466527374,-0.3931063928
2.190569961775679,-6.792976643964894,3.228924693464854,-7.447822908335674,-0.0003882123
2.1898012664310937,-6.815347033737346,3.2263421888501638,-7.471027961020824,-0.3845957136
2.189081537264881,-6.837776622087319,3.223865924965867,-7.494259473109421,-0.3856350633
2.1883572093558374,-6.8602032273112545,3.2213304890386394,-7.517508291428554,-0.3866979183
2.181662787661069,-6.882673049033848,3.2174143881314192,-7.540769344114405,-0.3770246915
2.180955418054118,-6.905209577617593,3.2150682316655703,-7.564067068833323,-0.3780204054
2.180243798060058,-6.927743851434357,3.2126676064975705,-7.587381327296122,-0.3790410312
2.1795278417072947,-6.950275541084919,3.2102103817361103,-7.610712512935453,-0.3800826790
2.1729534061657305,-6.972851119845147,3.206424871053395,-7.634056153639392,-0.3703164262
2.1722541404441,-6.995492401548964,3.204158459831219,-7.657434966948579,-0.3712853609
2.171550872114677,-7.018131864390019,3.2018403423302475,-7.68082989266669,-0.3722787972
2.1708435214873147,-7.040769191248841,3.1994684862774174,-7.704241307600941,-0.3732959536
2.1644008679606643,-7.063451011113076,3.1958212510624753,-7.727665342845309,-0.0003985609
2.1636606811564554,-7.0861371702498595,3.193480694858496,-7.75111532546343,-0.3644397836
2.162965747817269,-7.108882118301571,3.191248697590029,-7.774589728737141,-0.3653997248
2.162267007658802,-7.131625416268587,3.1889660129777204,-7.7980801473927075,-0.3663879924
2.1559636181819304,-7.154413735922839,3.1854609019018594,-7.8215832974900765,-0.0013275524
2.155233612375254,-7.177206034721795,3.183213357284582,-7.845111056513847,-0.3573944420
2.154547277995001,-7.200056817287313,3.181074963906577,-7.868662423503035,-0.3583184688
2.1538573744811123,-7.222906490186099,3.1788892421638133,-7.892229266171361,-0.3592655638
2.1531638424809896,-7.24575475982646,3.1766543274392336,-7.915811935990444,-0.3602378568
2.1469392714441424,-7.268648665768371,3.1732430493015595,-7.939407511273195,-0.3501815532
2.146261573795391,-7.291605493497744,3.171203066578997,-7.963034090581366,-0.3510584575
2.1455806125122137,-7.314561794121197,3.1691193513231903,-7.986675558946411,-0.3519603541
2.1448962947294086,-7.337517296353586,3.166990174663376,-8.01033224416415,-0.3528882087
2.1388397198108335,-7.360518785127971,3.1637391440256812,-8.0340018167211,-0.0016946313
2.1381269473049995,-7.383523649875427,3.1616518809157426,-8.057693730564718,-0.3436206732
2.137454924089058,-7.406586549897446,3.159674838782014,-8.08140783703609,-0.3444679601
2.136779851360947,-7.429649296896647,3.15765628751398,-8.105136502358368,-0.3453397057
2.136101641612828,-7.452711632229421,3.155594583683434,-8.128880040692895,-0.3462363930
2.130156460136438,-7.475820402945167,3.1524591557161568,-8.152636516425147,-0.0012948048
2.12945108363549,-7.498932293266762,3.1504424179609223,-8.176414353920032,-0.3368334694
2.1287850501971493,-7.522102059187675,3.1485363988094535,-8.200213753743164,-0.3376426092
2.1281161980591374,-7.5452721071484605,3.1465914440680156,-8.22402731364172,-0.3384765217
2.127444446191561,-7.568442193096069,3.144606009285818,-8.24785533120008,-0.3393352353
2.1216260003728493,-7.59165907026633,3.141595904291114,-8.271696272124903,-0.0015596420
2.120928597162914,-7.614878855147947,3.1396587477563895,-8.295557499816653,-0.3297784799
2.120268895191279,-7.638156230973252,3.1378326734719693,-8.319439565320135,-0.3305390290
2.1196066220185616,-7.6614343923512465,3.135970624973795,-8.343335315436345,-0.3313255068
2.1189416956318157,-7.68471311123986,3.1340711679175315,-8.367245027815867,-0.3321370975
2.118274023349403,-7.707992149107667,3.132132804022994,-8.391168991129387,-0.3329713217
2.1125368936000326,-7.7313184643325705,3.1292139964779895,-8.415105938672253,-0.3224832440
2.111883662083707,-7.754704021533982,3.1274745440879674,-8.439068623498605,-0.3231846637
2.1112281520050082,-7.778090924204828,3.1257023889054487,-8.463044456307523,-0.3239131485
2.11057022794325,-7.80147895972352,3.123896201309941,-8.487033691836011,-0.3246651823
2.1099098524354742,-7.824867913446225,3.1220546353487686,-8.511036595597954,-0.3254418432
2.104336510766149,-7.848304268454186,3.1192841291911555,-8.5350523186763,-0.0015484974
2.1036535129231444,-7.8717432004094805,3.1174971270295826,-8.559086350022334,-0.3155628297
2.1030048411260602,-7.895239175902074,3.115821793441993,-8.583139829847307,-0.3162194131
2.102354057849813,-7.918736921270765,3.114116136086198,-8.607206087716639,-0.3168991024
2.1017011120106823,-7.942236243593507,3.112378948587177,-8.631285362651708,-0.3176051137
2.1010459284795866,-7.965736939415361,3.1106089634505882,-8.655377903097207,-0.3183358412
2.0955973775028025,-7.989285269377085,3.1079574420237925,-8.679483160880539,-0.0015362449
2.0949211979207916,-8.012836062367624,3.106245122214472,-8.703605770742229,-0.3082815373
2.094277493715607,-8.036443590845236,3.104644654773624,-8.727747125314798,-0.3088780870
2.0936319070657827,-8.060053397720297,3.1030167202245242,-8.75190079607379,-0.3094986876
2.092984376422537,-8.083665306392772,3.101360217924954,-8.776067001881447,-0.3101431521
2.092334878115211,-8.107279134443724,3.099674013514078,-8.800245970482282,-0.3108118523
2.0916832997628774,-8.13089468671499,3.097956895111691,-8.824437938314171,-0.3115043405
2.086329379598359,-8.154558220927937,3.0954027476853527,-8.848642577156403,-0.0000363131
2.0856580039698462,-8.178224094139434,3.0937458572066636,-8.872863859740114,-0.3012926515
2.08501762859292,-8.201946635217272,3.092201225512901,-8.897103363269874,-0.3018413069
2.0843755429291497,-8.225671853684476,3.0906312519173897,-8.921354865555791,-0.3024129555
2.083731712865219,-8.24939958719458,3.0890349262599757,-8.945618570936558,-0.3030080967
2.083086092298332,-8.273129663560175,3.087411186505509,-8.969894691765814,-0.3036270910
2.0778989941540664,-8.296907667009435,3.0850006585133727,-8.994183209203477,-0.0017536008
2.0772359278610644,-8.320688011288448,3.0834407924631515,-9.018487184391724,-0.2931873538
2.076601232165238,-8.344524346012994,3.0819928603640765,-9.042808440006072,-0.2936427824
2.0759651033027713,-8.368364035915318,3.0805233900211113,-9.067141040369917,-0.2941200155
2.075327495030931,-8.392206942215921,3.0790315173422913,-9.09148516133054,-0.2946188612
2.0746883824245557,-8.416052921001478,3.077516348699747,-9.115840985796604,-0.2951410781
2.0740476845705382,-8.43990181820032,3.0759769325028006,-9.140208703740216,-0.2956857839
2.0734053755291946,-8.463753476024124,3.0744122955587456,-9.164588513005555,-0.2962539361
2.068327398326765,-8.487653285745951,3.0721065860664285,-9.18898058449234,-0.0005878061
2.067669150379584,-8.51155538830963,3.0706085530401492,-9.213387361529692,-0.2856233119
2.0670373966611866,-8.535513292534764,3.069222653151268,-9.237810816139339,-0.2860123801
2.0664043902186195,-8.559475021515977,3.067817661459767,-9.262245235138279,-0.2864219934
2.0657701044203907,-8.583440453091189,3.0663928159213936,-9.286690776570895,-0.2868535661
2.0651344993094654,-8.607409457790522,3.064947315197161,-9.311147604671188,-0.2873049528
2.064497533606339,-8.631381900973189,3.063480325663986,-9.335615890216012,-0.2877791531
2.0638591709169454,-8.655357641249656,3.061990977432933,-9.360095810837398,-0.2882758208
2.058921722293122,-8.679381549780754,3.059808742127573,-9.38458774147247,-0.0006823835
2.0582694883040804,-8.703407781039305,3.0583891242378707,-9.409093449468442,-0.2774130165
2.057641262187773,-8.727489349414288,3.057081449435659,-9.433615058579392,-0.2777105006
2.05701201653344,-8.751575337939784,3.055757832520201,-9.45814711201891,-0.2780264368
2.0563817197015655,-8.775665641765109,3.054417626678176,-9.482689743766562,-0.2783604477
2.0557503306055827,-8.79976015517056,3.053060166335584,-9.507243093218129,-0.2787164137
2.0551178110432673,-8.823858763549952,3.0516847477200115,-9.531807305230679,-0.2790914647
2.0544841318792595,-8.847961350190667,3.0502906470058244,-9.556382530529802,-0.2794872744
2.0538492599837466,-8.87206779213285,3.0488771064931965,-9.580968925828229,-0.2799035651
2.0490564650091683,-8.896222372948234,3.04681974967328,-9.605567042352327,-0.0006374861
2.048409908701245,-8.92037934463033,3.0454790730822774,-9.630178021180544,-0.2687908093
2.0477846807798357,-8.944591160834836,3.0442500663745187,-9.654804109134227,-0.2689831526
2.0471586462734166,-8.96880801382043,3.043008320166707,-9.679440110752886,-0.2691930544
2.0465317625295922,-8.993029823959098,3.0417533236004077,-9.704086135257636,-0.2694200803
2.0459040039186474,-9.017256503797668,3.04048453665394,-9.728742296061952,-0.2696643295
2.045275355670019,-9.041487965086837,3.039201406727073,-9.753408711177148,-0.2699266569
2.0446457800449465,-9.065724114354232,3.037903350886615,-9.778085503198836,-0.2702073249
2.044015258710955,-9.089964854499586,3.036589766642373,-9.802772799641494,-0.2705068848
2.043383761912162,-9.11421008296488,3.0352600213787024,-9.827470733037183,-0.2708257342
2.0387546711387636,-9.138503281287448,3.0333379259369044,-9.852180014707509,-0.0010234058
2.038114098151781,-9.162799003466974,3.032084356058228,-9.876901172248148,-0.2594174599
2.0374916534166974,-9.187148917714211,3.0309418987311854,-9.90163655277198,-0.2594827380
2.0368685878312074,-9.211504566454327,3.029790278261627,-9.926381243726183,-0.2595610291
2.0362448982827788,-9.23586589343675,3.0286291318189043,-9.95113532587251,-0.2596532565
2.0356205632245206,-9.260232838679125,3.0274580754235108,-9.97589888301661,-0.2597601597
2.0349955622236684,-9.284605339627682,3.02627670981739,-10.000672002228118,-0.2598798580
2.034369889970061,-9.308983331369431,3.02508462303369,-10.025454773962634,-0.2600152930
2.033743520937178,-9.333366745108192,3.023881380103446,-10.05024729216724,-0.2601660629
2.0331164351661575,-9.357755509036956,3.022666529199181,-10.075049654479516,-0.2603326102
2.0324886180413553,-9.382149548206591,3.0214396008033035,-10.09986196238505,-0.2605149949
2.031860027226661,-9.406548782212779,3.020200095881144,-10.124684321281789,-0.2607146931
2.027412438666794,-9.430995705970206,3.018423400862243,-10.149517576062767,-0.0014374615
2.026777844968674,-9.455445354212983,3.017263564847386,-10.174361670973758,-0.0003474464
2.026142292106683,-9.479900702006871,3.0160939105858846,-10.199215295238693,-0.2490580830
2.0255213706186734,-9.504409681212177,3.015034898579833,-10.224082274669389,-0.2489809827
2.024900026273078,-9.528925115355964,3.013970260142433,-10.248957986996702,-0.2489129697
2.024278249859171,-9.553446972257085,3.0128997730613523,-10.273842484292144,-0.2488538828
2.023656037604822,-9.577975218236586,3.0118232070553335,-10.298735820541648,-0.2488049819
2.023033379810427,-9.602509816939858,3.010740318646045,-10.323638051704078,-0.2487656577
2.0224102570253715,-9.627050732214904,3.0096508578145893,-10.348549235848884,-0.2487363842
2.0217866685253876,-9.651597924493833,3.008554562944329,-10.373469433191243,-0.2487176572
2.0211626065827826,-9.676151352694239,3.0074511613669417,-10.398398706206585,-0.2487102925
2.0205380545194735,-9.700710973265487,3.0063403663366692,-10.423337119711885,-0.2487147632
2.0199129918366157,-9.725276740445068,3.0052218782211475,-10.448284740992346,-0.2487295250
2.0192874242066834,-9.749848607430527,3.004095391988931,-10.47324163994111,-0.2487575177
2.018661331293363,-9.774426523548978,3.002960581393343,-10.498207889067636,-0.2487971521
2.014431925158271,-9.79905162396034,3.0013506238611813,-10.523184438688293,-0.0022225092
2.0138037139726475,-9.823679760176448,3.0002993220435683,-10.548170661439572,-0.0014578415
2.0131749216701618,-9.848314518765752,2.9992428059941116,-10.573165638526751,-0.0006779479
2.012545521752209,-9.872955870776888,2.998180869198814,-10.598169418913063,-0.2364261824
2.0119257815832152,-9.897649882779493,2.997228399455661,-10.623185423199965,-0.2361387906
2.0113058333256717,-9.92235129018668,2.996274897664363,-10.648209385356925,-0.2358529225
2.010685642186831,-9.947060091655493,2.9953203204185646,-10.67324131895142,-0.2355677410
2.0100652302738085,-9.971776289798658,2.9943646424287245,-10.69828123802343,-0.2352844394
2.009444604576511,-9.996499884630987,2.9934078286636816,-10.723329156815272,-0.2350024505
2.008823739929053,-10.021230877148696,2.9924498409191256,-10.748385089871636,-0.2347220850
2.0082026544036156,-10.045969268918595,2.991490648220235,-10.773449052121732,-0.2344438972
2.00758134394517,-10.070715059926245,2.9905302113488696,-10.798521058749174,-0.2341672091
2.006959800088346,-10.095468249499088,2.989568487835499,-10.823601125270782,-0.2338922852
2.006338024497387,-10.1202288374013,2.9886054369029775,-10.848689267602177,-0.2336195723
2.0057160133077545,-10.144996822820032,2.987641014488446,-10.873785502021681,-0.2333480356
2.0050937787401053,-10.169772205222325,2.9866751786743877,-10.898889845209844,-0.2330790577
2.004471303174652,-10.194554982260124,2.98570787735343,-10.924002314197883,-0.2328124549
2.0038485890251763,-10.219345152590906,2.984739062851929,-10.949122926509997,-0.2325476137
2.00322563163253,-10.24414271378804,2.983768682545984,-10.97425170007496,-0.2322858620
2.0026024219335996,-10.268947662775968,2.9827966802479597,-10.999388653298658,-0.2320258743
2.0019789854779044,-10.293759999027431,2.9818230102161736,-11.02453380513933,-0.2317683307
2.0013553034163687,-10.318579717596105,2.9808476076076786,-11.049687174890542,-0.2315140620
2.000731360810475,-10.343406814078813,2.979870408101775,-11.07484878244503,-0.2312620140
2.000107186012906,-10.36824128604763,2.978891357370907,-11.100018648321148,-0.2310131750
1.9994827504659634,-10.393083127163697,2.9779103813500387,-11.125196793451448,-0.2307675040
1.9988580748471794,-10.417932333585236,2.976927417926682,-11.15038323950052,-0.2305256132
1.9982331330471832,-10.442788898701975,2.975942389577835,-11.175578008634469,-0.2302852645
1.9976079483672717,-10.467652816328414,2.974955225311137,-11.200781123730401,-0.2300494408
1.9937023229677404,-10.492563033308976,2.973583970671246,-11.22599358710992,-0.0023959513
1.9930813714462132,-10.517476870219282,2.972685665579653,-11.251214140210482,-0.0021560303
1.9924603577317999,-10.542398737789052,2.9717888595714324,-11.27644233318764,-0.0019223135
1.991839287985513,-10.567328656072965,2.9708936267976482,-11.301678158045384,-0.0016950691
1.9912181683430248,-10.592266646635364,2.970000046915344,-11.326921606159228,-0.0014746269
1.9905970045997403,-10.61721273164048,2.969108202835215,-11.352172668211335,-0.0012612582
1.9899757975967842,-10.642166933264587,2.9682181786260693,-11.377431334151293,-0.0010561053
1.9893545724006567,-10.6671292778246,2.9673300742921938,-11.402697593265456,-0.0008576108
1.9887333272412537,-10.692099787405619,2.966443977365284,-11.427971433869669,-0.0006673065
1.9881120724807453,-10.717078486669092,2.9655599856659824,-11.453252843549649,-0.0004855985
1.9874908071928064,-10.742065401894243,2.964678201734003,-11.478541809042653,-0.0003128833
1.9868695514615151,-10.767060558860885,2.9637987320883545,-11.503838316175749,-0.0001494511
1.9862482918427813,-10.792063984975757,2.962921685046894,-11.529142349840933,-0.2121197453
1.98562596477904,-10.817118212357038,2.9621514245540257,-11.554456610067227,-0.0002710411
1.9850051409390685,-10.842139288463802,2.961284604171758,-11.579774768624203,-0.0001568416
1.9843843840985491,-10.867168760500535,2.9604207885587415,-11.605100359322508,-0.0000544619
1.983763693347295,-10.892206660903367,2.9595601160714304,-11.63043336099153,-0.2098109612
1.9831407890810437,-10.917295179077824,2.958805932170104,-11.655776408720698,-0.0003137605
1.9825206482001356,-10.942351088841002,2.957957055276692,-11.681123291415233,-0.0002702953
1.981900625503156,-10.967415571136023,2.9571119965372055,-11.706477470424119,-0.0002421971
1.9812807244474235,-10.99248866562718,2.95627093160115,-11.731838917411558,-0.0002302979
1.980660967860556,-11.017570412553718,2.9554340441891274,-11.757207602478552,-0.0002353350
1.9800413665375964,-11.042660854343572,2.9546015260496916,-11.782583494103381,-0.0002581354
1.979421921803638,-11.067760035667702,2.953773577662815,-11.807966559067081,-0.0002996355
1.9788026687856246,-11.092868001021163,2.9529504081651514,-11.833356762354777,-0.0003607191
1.9781836136186963,-11.117984798048195,2.952132235427844,-11.858754067104577,-0.0004423446
1.9775647636330325,-11.143110476345488,2.951319287359591,-11.884158434516548,-0.0005456966
1.9769461531549872,-11.168245085923367,2.9505118016835303,-11.909569823748061,-0.0006717458
1.97632777891215,-11.19338868015291,2.949710024905546,-11.934988191847909,-0.0008217869
1.9757096804579917,-11.218541314270864,2.948914219608637,-11.960413493670321,-0.0009962350
1.9750918718131512,-11.243703044283786,2.9481246527158724,-11.985845681708309,-0.0011975332
1.9744743638772106,-11.268873929276863,2.9473416045789014,-12.011284706074148,-0.0014266046
1.9738572033567698,-11.29405403192697,2.9465653757706387,-12.036730514395552,-0.0016848720
1.9732403992603786,-11.319243415189492,2.9457962691969444,-12.062183051581313,-0.0019738472
1.9726239720314092,-11.344442145083445,2.9450346038972888,-12.087642259827877,-0.0022953051
1.9720079540068847,-11.36965029117242,2.9442807166224947,-12.113108078498238,-0.0026509443
1.971392369227268,-11.394867924940666,2.943534955433836,-12.138580443913671,-0.0030426316
1.9707772434971742,-11.420095120903822,2.9427976841122607,-12.164059289273203,-0.0034719649
1.9701626073857414,-11.445331956371094,2.9420692822862256,-12.189544544507562,-0.0039424683
1.969548487660915,-11.470578512720596,2.941350147916401,-12.215036136142055,-0.0044550697
1.9689349192161674,-11.495834873957419,2.9406406955549245,-12.240533987124993,-0.0050126784
1.9683219310163527,-11.52110112741634,2.939941356687268,-12.266038016664803,-0.0056179526
1.9677095672870004,-11.546377364677632,2.9392525852033153,-12.29154814009318,-0.0062737132
1.9670978635250727,-11.571663680436146,2.9385748518407024,-12.31706426864642,-0.0069830746
1.966486855533398,-11.596960173569885,2.937908648469926,-12.342586309320774,-0.0077502853
1.9658765795440556,-11.622266947608333,2.9372544897782733,-12.368114164677761,-0.0085777220
1.9652670785108728,-11.64758410998661,2.9366129126524707,-12.393647732635188,-0.0094699402
1.9646584085280032,-11.672911772474382,2.935984478598999,-12.419186906261663,-0.0104308736
1.9640506116055658,-11.698250052137768,2.935369773150294,-12.44473157356466,-0.0114659670
1.9634437360353545,-11.723599071237073,2.9347694088038963,-12.470281617262422,-0.0125805186
1.9628378258927306,-11.748958957156816,2.934184024053632,-12.495836914533335,-0.0137806257
1.9639111335537065,-11.774325278772253,2.9338127733398247,-12.521398188055777,-0.0051628260
1.9632989827105203,-11.799662819778897,2.933147548593714,-12.546961710729875,-0.0059419608
1.9626875686907201,-11.82501071580003,2.932494520818796,-12.57253105756683,-0.0067827497
1.962076931737678,-11.850369076189256,2.931854234886851,-12.598106124769307,-0.0076902267
1.9614671143783051,-11.87573801589572,2.931227262274097,-12.623686803610155,-0.0086672129
1.96085816342386,-11.90111765288047,2.93061419528424,-12.649272980171682,-0.0097202329
1.9602501366545622,-11.926508113088042,2.9300156610230115,-12.674864535186742,-0.0108534283
1.9596430862401406,-11.951909526134846,2.9294323090177574,-12.700461343695551,-0.0120734041
1.9590370587850092,-11.977322027586732,2.928864817535448,-12.726063274844774,-0.0133878047
1.9600818419380266,-12.002741109576977,2.928504586572205,-12.751670999599352,-0.0048537079
1.959469887850197,-12.028132239040689,2.927860515555773,-12.777280949231116,-0.0057479129
1.958858741515801,-12.053533973351163,2.927229688263476,-12.802896558097165,-0.0067116794
1.9582484402534615,-12.078946431222281,2.9266126962926315,-12.828517712569939,-0.0077508838
1.9576390307845513,-12.104369738149845,2.9260101627362296,-12.854144293668691,-0.0088695301
1.9570305762969356,-12.129804023563185,2.9254227365071923,-12.879776176732275,-0.0100742056
1.9564231118846334,-12.155249423503928,2.92485109412606,-12.905413231197933,-0.0113711107
1.9558167208056525,-12.180706081401548,2.92429595178684,-12.931055320372,-0.0127686454
1.9552114364684385,-12.206174145492879,2.9237580474307254,-12.956702301022093,-0.0142743374
1.9562069075633723,-12.231649017909787,2.923418973227443,-12.982354763809381,-0.0059102682
1.9555961870681158,-12.257097448084295,2.922810237915423,-13.008009365669212,-0.0070009928
1.9549863835664947,-12.282556852891972,2.9222164187622077,-13.03366933484459,-0.0081754774
1.9543775591822592,-12.308027366807586,2.921638187540696,-13.059334542194005,-0.0094401865
1.9537697599861983,-12.333509131034269,2.921076245941621,-13.085004852455617,-0.0108021254
1.9531630528775903,-12.35900229349495,2.9205313307441685,-13.110680123970877,-0.0122707354
1.9525574775432972,-12.384507008926125,2.9200042088880935,-13.136360208359083,-0.0138537030
1.9535345461533378,-12.41001862886699,2.9196713955285043,-13.162045666202758,-0.0055467023
1.9529237349229789,-12.435504336990695,2.9190754986247476,-13.187733250441104,-0.0067158016
1.9523138762488301,-12.46100118478192,2.9184951790467157,-13.213426101665307,-0.0079742556
1.9517050413539365,-12.486509313256692,2.917931140946517,-13.239124084389685,-0.0093300266
1.9510972716850434,-12.512028870725187,2.9173841188807352,-13.264827056700957,-0.0107914700
1.950490642735185,-12.537560013377348,2.9168548877382103,-13.290534869967455,-0.0123676765
1.9498852007901595,-12.563102903758281,2.9163442519835705,-13.316247368480145,-0.0140683422
1.9508332413047713,-12.588652836165492,2.9160226040477664,-13.34196506896288,-0.0058641277
1.9502228402272372,-12.61417773408063,2.915446497290124,-13.367684852926391,-0.0071537388
1.949613475942199,-12.63971399665409,2.914886941949562,-13.393409741069094,-0.0085427103
1.9490051851069834,-12.665261774132304,2.9143446830095017,-13.419139588680196,-0.0100405560
1.9483980338854487,-12.690821226212428,2.913820509343016,-13.444874244261797,-0.0116556316
1.9477920899293886,-12.716392519148448,2.9133152439777303,-13.470613549073766,-0.0134000453
1.948730650999404,-12.741970911635825,2.912995873368687,-13.496358004624097,-0.0052219981
1.9481198597910383,-12.767524525015183,2.9124261489714156,-13.522104547769878,-0.0065551893
1.9475101078782477,-12.79308960457571,2.911873337424693,-13.54785614826667,-0.0079918852
1.9469014557054485,-12.818666306141395,2.911338208735318,-13.57361265781521,-0.0095411677
1.9462939631515193,-12.844254792814283,2.9108215682498453,-13.599373921048759,-0.0112127970
1.945687676688288,-12.869855234963474,2.910324255869369,-13.625139775196473,-0.0130195936
1.946611864562849,-12.895462853830098,2.9100093860314895,-13.650910700399136,-0.0048891222
1.946000896336399,-12.9210461093098,2.9094492043170366,-13.676683703492051,-0.0062857220
1.9453909972941137,-12.94664096107281,2.9089064429816913,-13.702461688640545,-0.0077914218
1.9447822282665166,-12.972247570317816,2.9083818969648174,-13.728244502586778,-0.0094157151
1.9441746466364085,-12.997866105789626,2.9078763974187485,-13.754031984763378,-0.0111699577
1.9435683139774385,-13.023496744989517,2.907390816444625,-13.779823966958128,-0.0130677390
1.944470727919328,-13.049134665254766,2.9070836736048995,-13.80562089891983,-0.0050181157
1.9438599204404525,-13.074748879154242,2.9065376655638047,-13.83141987873694,-0.0065084280
1.9432502174644652,-13.100374859613511,2.9060097911414298,-13.857223723448143,-0.0081161421
1.9426416861390259,-13.12601277600507,2.9055008825074955,-13.883032272948032,-0.0098524138
1.94203438937925,-13.151662805777507,2.9050118100854703,-13.90884535946978,-0.0117297031
1.9414283885400447,-13.177325135307449,2.9045434858366996,-13.934662807225775,-0.0137627057
1.9422975841505536,-13.20299489241476,2.9042487433633046,-13.960485022613486,-0.0058475758
1.9416874217859146,-13.22864197103082,2.903723736191263,-13.986309226021666,-0.0074793002
1.9410784214401386,-13.254301048056478,2.9032178867022402,-14.012138115285179,-0.0092416790
1.9404706568028143,-13.27997230386002,2.902732078256052,-14.03797152058886,-0.0111479620
1.939864188222666,-13.305655927896881,2.9022672350570637,-14.063809263977186,-0.0132132510
1.9407266806988601,-13.331347022347561,2.9019737913874075,-14.089651742461985,-0.0053185055
1.9401161321998577,-13.357015619085779,2.9014529681275723,-14.115496212678478,-0.0069830657
1.9395067582138943,-13.38269628944477,2.9009515585094356,-14.141345337906571,-0.0087815131
1.938898633094697,-13.408389216934538,2.9004704595983894,-14.167198945697239,-0.0107271093
1.9382918057046115,-13.434094593620785,2.9000106068972293,-14.193056855315698,-0.0128372725
1.9391444903875756,-13.459807494835776,2.8997197403382056,-14.218919450879065,-0.0049776509
1.9385336840757217,-13.48549818055265,2.899204964592241,-14.24478403373893,-0.0066878462
1.9379240662701709,-13.511201031849597,2.898709942495621,-14.27065322386842,-0.0085365961
1.9373157159587167,-13.53691623644672,2.898235589827488,-14.296526845400495,-0.0105381694
1.936708674214771,-13.562643990866619,2.8977828604464144,-14.322404714004517,-0.0127101984
1.93754705045547,-13.588379340312988,2.8974963735690284,-14.348287195909695,-0.0049071595
1.9369361608498794,-13.614092902187133,2.8969902856894665,-14.374171649070446,-0.0066815387
1.9363264951513737,-13.639818745809865,2.8965044140045704,-14.400060637750355,-0.0086020481
1.9357181167510438,-13.665557064310484,2.8960396964528883,-14.425953981535564,-0.0106830190
1.935111058949369,-13.691308060087893,2.895597111602778,-14.451851491338141,-0.0129432034
1.9359284530416385,-13.717066745274192,2.8953175347530586,-14.477753508515194,-0.0052296159
1.93531775362944,-13.742804287280082,2.8948239047732414,-14.50365746448622,-0.0070973396
1.9347082977700534,-13.76855426124645,2.8943511220216656,-14.529565849872409,-0.0091198771
1.9341001546188623,-13.794316867845613,2.893900158038612,-14.55547847816846,-0.0113153051
1.9334933745494498,-13.820092318904404,2.8934720317682543,-14.581395153863607,-0.0137045167
1.9342796961609092,-13.845875588860894,2.893202925122068,-14.60731618349057,-0.0061326592
1.9336695423095973,-13.871638684302571,2.8927271702841595,-14.633239096170684,-0.0081365623
1.9330606834980302,-13.89741441299584,2.8922731472242083,-14.659166282730013,-0.0103110598
1.9324531894642825,-13.923202986742842,2.8918418751120005,-14.68509754822087,-0.0126768449
1.9332465977823445,-13.948999366855771,2.8915690916009784,-14.711033206123364,-0.0050634923
1.9326356802336069,-13.974775322464012,2.8910893633215626,-14.736970777581199,-0.0070417264
1.9320260318034619,-14.000563902887123,2.8906312335218,-14.762912663045789,-0.0091876423
1.9314177184094052,-14.026365318737147,2.8901957151156052,-14.788858668546359,-0.0115207003
1.9308107944093147,-14.052179792886566,2.8897838728346583,-14.814808590731996,-0.0140650122
1.9315604286597021,-14.078002245062596,2.889525598982841,-14.840762697076027,-0.0066623473
1.930950463491939,-14.103805648142615,2.8890700774545746,-14.866718634201737,-0.0088328893
1.9303418370335395,-14.129621939268937,2.88863733854781,-14.892678671619338,-0.0111939155
1.9297345925369476,-14.155451343548954,2.8882284552746333,-14.91864260414459,-0.0137697282
1.9304773826326784,-14.181288762395276,2.887971564441679,-14.944610692083678,-0.0063968133
1.9298671724077614,-14.207107331668396,2.8875197156810564,-14.97058060856087,-0.0086002745
1.9292582920437806,-14.2329388507732,2.887090866296747,-14.996554595850046,-0.0109989355
1.9286508002987959,-14.258783549294336,2.88668610706313,-15.022532446531825,-0.0136175217
1.9293838775237504,-14.284636308853669,2.8864315507745038,-15.0485144110488,-0.0062890625
1.928773502919362,-14.31047050934047,2.885984845991354,-15.07449819560007,-0.0085388870
1.9281644723812863,-14.336317737209448,2.8855614324124925,-15.100486008027566,-0.0109891617
1.927556825588272,-14.362178225311231,2.885162413449038,-15.126477637975018,-0.0136668211
1.928276026606928,-14.388046834724062,2.8849114968348935,-15.152473322365093,-0.0064062585
1.9276656270636707,-14.41389730935323,2.884471999708996,-15.178470809667115,-0.0087196963
1.9270565802086115,-14.439760907939132,2.8840561790663326,-15.204472262998182,-0.0112423269
1.9264489301784666,-14.46563787008119,2.8836651642666293,-15.230477468210475,-0.0140026297
1.9271481111897812,-14.491523031631429,2.8834196798272242,-15.256486643532854,-0.0068449776
1.9265378722108992,-14.517390678614534,2.882990294216084,-15.282497592776155,-0.0092486706
1.9259290071080344,-14.54327157502661,2.882585109372985,-15.308512419571102,-0.0118740696
1.9253215337270315,-14.569165967955144,2.8822052822552218,-15.334530904687412,-0.0147525620
1.925991248853699,-14.595068666575079,2.8819676813452064,-15.360553240493127,-0.0077543038
1.9253814287748832,-14.620954769547224,2.8815525585859203,-15.386577305015523,-0.0102889584
1.9247730008245791,-14.646854288870372,2.8811623576795333,-15.412605120498526,-0.0130643939
1.925470295267187,-14.672762037021203,2.8809159547531955,-15.438636903075993,-0.0059077431
1.924859306110941,-14.698652300891986,2.8804875389711,-15.46467047524111,-0.0083267105
1.924249671686794,-14.724555869946478,2.880083451825758,-15.49070792181194,-0.0109689278
1.92364143382032,-14.75047299428855,2.8797048633200655,-15.516749021945628,-0.0138669769
1.924307924746981,-14.776398457060376,2.8794666966617886,-15.542793965027085,-0.0068783621
1.923697379453268,-14.802307398878478,2.879053107254699,-15.568840649767226,-0.0094337016
1.9230882153634967,-14.828229819311838,2.878664597342427,-15.59489107690999,-0.0122326455
1.9224804386893497,-14.854165980293157,2.878302379407812,-15.620945018439842,-0.0153123985
1.9247221859904435,-14.880077939445592,2.87815926253842,-15.647001571085562,-0.1546999544
1.9240646015452678,-14.90599492015027,2.877728129695808,-15.67306153377934,-0.1522110584
1.9234038379239609,-14.93192537486899,2.8773213457361053,-15.699125350282827,-0.0019169789
1.9227901788653827,-14.957838212061493,2.8768688033925387,-15.725191471348303,-0.0041411046
1.9221778201371615,-14.983764186129857,2.8764395757333214,-15.75126169554284,-0.0065628434
1.9215668087425652,-15.009703533023723,2.8760347757779137,-15.777335810783399,-0.0092089616
1.920957172557572,-15.035656504285896,2.8756555781769406,-15.80341359458347,-0.0121113700
1.9203489134499703,-15.06162337080591,2.875303229063272,-15.829494813555128,-0.0153125750
1.9225544791793836,-15.087566521770515,2.8751638576523364,-15.855578564540332,-0.1524998911
1.921894388097943,-15.11351483561392,2.8747445038322263,-15.881665659789373,-0.1499106956
