3.0500000000000003,0.0,3.9499999999999997,-0.5204260856237173,-0.8411862436
3.019834648964383,-0.013139124271171008,3.9210516764011403,-0.5380067485647597,-0.8315305201
2.9899854040092224,-0.02648838990615221,3.8926568837318882,-0.5557750505590087,-0.8218052068
2.9604625648661242,-0.04005180408709369,3.864825727176943,-0.5737308926190279,-0.8120072725
2.9312762749122574,-0.05383323244466187,3.8375677683608695,-0.5918739297577171,-0.8021518285
2.902437534914729,-0.0678366342932963,3.810892950333389,-0.6102036602762175,-0.7922112757
2.8739575489160867,-0.08206588435628205,3.784810947325346,-0.6287193510981732,-0.7821936458
2.845847750511615,-0.09652476439332898,3.759331162943139,-0.6474200339511436,-0.7720981455
2.8181197945112877,-0.11121694497631894,3.734462695774753,-0.6663044984869008,-0.7619208972
2.7907857154239992,-0.12614600485525104,3.7102144524521483,-0.6853712994619795,-0.7516611959
2.7638582575164583,-0.14131548562345575,3.6865954006549426,-0.7046187750312763,-0.7412994924
2.7373499405807347,-0.1567286538422732,3.6636137116651843,-0.7240449662393562,-0.7308571022
2.7112737007169123,-0.1723886307467514,3.6412773010233335,-0.743647667712036,-0.7203206837
2.6856428267315957,-0.18829835304757458,3.6195937374041143,-0.7634244182774145,-0.7096876546
2.6604709698565316,-0.20446055012313805,3.5985702159926394,-0.7833724993212624,-0.6989461388
2.6357721641485066,-0.22087772135777078,3.57821353969307,-0.803488934239642,-0.6881136611
2.611560181570953,-0.2375519744248925,3.5585295615725703,-0.8237704503618174,-0.6771730971
2.5878495371006807,-0.2544852141938607,3.5395239845911295,-0.8442135467920145,-0.6661187012
2.564654978423134,-0.2716790025875801,3.5212019041044837,-0.8648144632340823,-0.6549513542
2.54199145222843,-0.28913452381765287,3.503567753376924,-0.8855691845062812,-0.6436614084
2.519874208387997,-0.30685257579158,3.4866253563189455,-0.9064734534237022,-0.6322440408
2.498318608393371,-0.3248335025904897,3.4703777514014265,-0.9275227698119657,-0.6207005651
2.4773402376285794,-0.34307718745352417,3.4548272528397233,-0.9487124076819946,-0.6090256817
2.456954717315674,-0.3615829885580157,3.4399752861984867,-0.9700374195169735,-0.5972056238
2.4371778741692833,-0.38034974181330905,3.4258224916521427,-0.9914926584408611,-0.5852481063
2.418025892745594,-0.3993757559133805,3.4123688013285007,-1.0130727986919967,-0.5731362582
2.399514757113637,-0.4186586863386608,3.399613018128943,-1.0347723308386556,-0.5608661006
2.3816605685021015,-0.4381955662377154,3.3875530239087284,-1.056585594712024,-0.5484351893
2.3644793793806897,-0.45798275418774254,3.3761856436757025,-1.0785067944310622,-0.5358336513
2.3479874061372805,-0.4780159433757038,3.3655067638806164,-1.1005300265795888,-0.5230493956
2.3322007026898293,-0.4982900892845904,3.355511092274389,-1.12264929327452,-0.5100831143
2.317135172912115,-0.518799396572733,3.3461921496135716,-1.1448585287225912,-0.4969179017
2.302806588359304,-0.5395373075640862,3.3375422597460385,-1.1671516255899603,-0.4835474263
2.2892306539560336,-0.5604964982515496,3.3295525613596104,-1.189522462691087,-0.4699663395
2.276422862282536,-0.5816688502107553,3.322212888483983,-1.2119649289301517,-0.4561554236
2.264398258117643,-0.6030454218322713,3.315511608634769,-1.2344729481578094,-0.4421106969
2.256666503054085,-0.6246272108512868,3.3104092911685017,-1.2570516966310445,-0.4331417294
2.2558747027430197,-0.6462853624751258,3.307331612571179,-1.2796816901400077,-0.4342706064
2.255076435722093,-0.6679376448774876,3.3041751049158608,-1.3023318159816306,-0.4354232165
2.2474750472632086,-0.6896265656588444,3.2992264640461166,-1.324991215513746,-0.4263757831
2.2466951506713952,-0.7113905273691921,3.2962449112522814,-1.3476998699362719,-0.4274967257
2.2459090568287183,-0.7331490625637069,3.2931876520918544,-1.3704282045769043,-0.4286393038
2.2384463810202178,-0.7549453275965387,3.288398295821236,-1.3931663710046924,-0.4195096606
2.2376785181659944,-0.7768152458086727,3.2855182957025235,-1.415951739394052,-0.4206180717
2.236904703178949,-0.7986802202570796,3.282565941254706,-1.4387562874512185,-0.4217464723
2.2295898419214466,-0.8205839659459425,3.2779417631358543,-1.4615711705810255,-0.0005663517
2.228774532895687,-0.8424959067413751,3.2749945903336593,-1.4844215609690616,-0.4136676007
2.2280129690530783,-0.8644673977218214,3.2721494148307886,-1.5073013401508302,-0.4147812005
2.227245667067409,-0.8864340515331044,3.2692327073249827,-1.5302002464611646,-0.4159127693
2.2199885738142653,-0.9084403682334606,3.2646937853543316,-1.5531099391667715,-0.4066307408
2.2192391142842216,-0.9305184559378731,3.2619584759343154,-1.5760638046373705,-0.4077211556
2.218484243630678,-0.9525922661191669,3.2591554127798377,-1.5990362208165358,-0.4088343568
2.2113889569199827,-0.9747066628746589,3.2547903505109366,-1.6220198246898305,-0.3994575028
2.210651791177921,-0.9968912623345955,3.2521706905747134,-1.645045397051719,-0.4005228284
2.2099094989707306,-1.0190721846385862,3.2494872860085913,-1.668088889550896,-0.4016113337
2.20916202685078,-1.041249054010622,3.246737671745688,-1.6911507490041686,-0.4027204259
2.2021489780307935,-1.0634673503841217,3.242476835123645,-1.7142241763986723,-0.3932661669
2.2014189337060865,-1.0857551947155506,3.2399124935946424,-1.737338399641519,-0.3943239549
2.2006839952512847,-1.108039617349098,3.2372861172436194,-1.7604703257384853,-0.3954048086
2.1938497924044427,-1.1303662497614377,3.23320902301199,-1.7836141018942586,-0.0007489918
2.1930779761280492,-1.152698711438691,3.2306024706980936,-1.8067878738945975,-0.3869283554
2.1923554714259734,-1.1750903649970337,3.2281018459113775,-1.829988299280324,-0.3879733836
2.191628301555107,-1.1974789106004626,3.2255412469409017,-1.853206144115617,-0.3890422543
2.184895183385148,-1.219910413629115,3.2215812589467334,-1.8764361282700974,-0.3794010719
2.184185076441666,-1.2424089404720742,3.2192093520319895,-1.8997032829722647,-0.3804034920
2.1834706073780743,-1.2649050734530527,3.2167820929021684,-1.922987098598411,-0.3814292742
2.1827517314753395,-1.2873984833256922,3.2142973405355306,-1.946287973989041,-0.3824812986
2.176134766321537,-1.3099355369002246,3.210465398587196,-1.9696012267335399,-0.3727479102
2.17543264449516,-1.3325386450754038,3.208170889779304,-1.9929501805952459,-0.3737253008
2.1747264549899707,-1.3551397821617024,3.2058237130285154,-2.016315394617388,-0.3747292884
2.174016115319132,-1.3777386260509474,3.2034217994736256,-2.0396972513831755,-0.3757557798
2.167526733679281,-1.4003817442643476,3.1997254243185766,-2.063091671019349,-0.0002406304
2.1667830179782523,-1.4230293423060392,3.1973534670336443,-2.086512498941865,-0.3669456750
2.1660850660292326,-1.4457358096139126,3.195089823703433,-2.1099580180876827,-0.3679208944
2.1653831804737558,-1.4684404455617688,3.192774357627109,-2.133419728247478,-0.3689181263
2.159028360532425,-1.4911899188315758,3.18921717813293,-2.156894135416481,-0.0009612444
2.1582946427365304,-1.5139435002101667,3.1869354581448026,-2.180393640204053,-0.3599764837
2.157605200840067,-1.5367556841699324,3.184762690752197,-2.2039170530524856,-0.3609132900
2.1569120930021555,-1.5595665570790183,3.182541350677975,-2.2274561413584326,-0.3618755628
2.156215248023825,-1.5823758184799424,3.1802695232063796,-2.251011264632755,-0.3628628749
2.1499327311058662,-1.6052305603674228,3.1768016261533236,-2.274579281770777,-0.3528472422
2.1492518257144537,-1.628148716883925,3.17472438206264,-2.2981789519020626,-0.3537422315
2.148567542136652,-1.6510661244395162,3.172602037309975,-2.3217937366951094,-0.3546635696
2.147879786184508,-1.6739825015861611,3.170432803743829,-2.345423972974152,-0.3556070921
2.1417592606380427,-1.6969447560410469,3.1671216607281956,-2.3690671141694413,-0.0007721005
2.1410422467216415,-1.7199104755730605,3.164992706924373,-2.3927331643937335,-0.3464047015
2.1403667965569206,-1.74293445266671,3.1629738912802963,-2.416421785166135,-0.3472741289
2.139688173720744,-1.7659580225681228,3.160912008102354,-2.440125227866471,-0.3481666338
2.1390063134819575,-1.7889809169204263,3.1588053567240677,-2.4638438173615635,-0.3490876978
2.132988701347524,-1.8120501799517146,3.155604305595303,-2.4875753932294824,-0.0000027074
2.1322787536703984,-1.8351226352935108,3.153540841226481,-2.51132895438215,-0.3397567939
2.1316090550992044,-1.8582532548375372,3.151588071745492,-2.5351045070547094,-0.3405945149
2.130936389476515,-1.8813838659808102,3.149594594021148,-2.5588945246513406,-0.3414544230
2.13026071302877,-1.9045142139428803,3.147558801810932,-2.582699317279789,-0.3423415240
2.124360134914935,-1.9276913468076127,3.1444769563266792,-2.6065171196157757,-0.3320050292
2.1236994140588012,-1.9509289148685443,3.142638857652683,-2.630362364264601,-0.3327722607
2.1230360537526183,-1.9741671917956023,3.1407643795227993,-2.6542213361097007,-0.3335645331
2.1223699889052714,-1.997405947585748,3.138852077270687,-2.6780943149148,-0.3343813003
2.1217011177054603,-2.020644944746016,3.136900444496933,-2.701981591560244,-0.3352231029
2.115940535146511,-2.04393101808668,3.13395282117932,-2.725881817787016,-0.0006783529
2.115246684846266,-2.067219861512576,3.1320511009766276,-2.749801846644711,-0.3255819512
2.1145897647710337,-2.090566280826468,3.1302608109229,-2.7737423932210747,-0.3263206558
2.113930393211407,-2.1139137163259845,3.1284358459686183,-2.797696433755937,-0.3270843072
2.113268501618616,-2.137261947584191,3.126574824026307,-2.821664237629966,-0.3278721661
2.11260402896916,-2.1606107445766627,3.1246763063711005,-2.8456460849808116,-0.3286864311
2.106935013142323,-2.184007048220992,3.121826713839614,-2.869640904019886,-0.3181274934
2.1062847177005954,-2.2074621335207554,3.1201277041714577,-2.8936607596183315,-0.3188014755
2.1056322133208982,-2.2309188287857613,3.1183974762753266,-2.917693530604521,-0.3194998579
2.104977456009646,-2.254376935920103,3.1166347914181296,-2.9417394621119652,-0.3202231102
2.1043203653574407,-2.277836245818804,3.1148383452117163,-2.9657988088418343,-0.3209701947
2.0988254967088453,-2.301343114025695,3.1121429281484017,-2.9898709150367284,-0.0015346475
2.09814680645012,-2.324852479229106,3.110403005638705,-3.0139607241307393,-0.3109823051
2.097501305291414,-2.348418699898694,3.1087748871882885,-3.038069539167536,-0.3116018028
2.0968538422098417,-2.37198700965707,3.107118243530475,-3.0621908420592594,-0.3122451945
2.09620434495946,-2.39555722540687,3.105431930794538,-3.0863248591389993,-0.3129124860
2.0955528090256896,-2.4191291593657045,3.1037147792337003,-3.110471826050089,-0.3136044217
2.0948990966781547,-2.442702606641894,3.1019655202317433,-3.134631987149718,-0.3143223776
2.089488574544632,-2.466324012842692,3.099360948098675,-3.1588048975440532,-0.3035152449
2.0888481366035188,-2.4900023367581903,3.097812291998909,-3.183000338087359,-0.3040675545
2.088205967944574,-2.513683294966839,3.0962381682853906,-3.207207762333251,-0.3046422290
2.0875620073061176,-2.5373667251894396,3.094637559566133,-3.2314273747274203,-0.3052406070
2.0869162132975374,-2.5610524569452853,3.0930094069078127,-3.2556593878742026,-0.3058626575
2.0862685233855145,-2.58474031166895,3.0913526012427703,-3.2799040227855927,-0.3065086903
2.0810218195238797,-2.6084761129181007,3.0888907834443935,-3.304161154652205,-0.0012074584
2.080355836680242,-2.632214251634443,3.087296553788993,-3.328434161796913,-0.2961527424
2.079719187392051,-2.6560086197752657,3.0858143802500275,-3.3527247837193954,-0.2966423725
2.0790810025337394,-2.6798060988184753,3.0843093126314676,-3.377026981746776,-0.2971544292
2.0784412569327007,-2.703606544834119,3.0827804465858746,-3.401340942039796,-0.2976889222
2.0777998861980076,-2.7274098021968745,3.0812268185006557,-3.425666857848772,-0.2982465269
2.0771568281696267,-2.7512157103913335,3.0796474299901693,-3.4500049302618163,-0.2988283791
2.0720510438394046,-2.7750696179480396,3.0773111541032105,-3.4743552804904585,-0.0016049728
2.0713916896937774,-2.7989258516363362,3.075797538163988,-3.4987205276105837,-0.2882579467
2.0707593574966463,-2.8228378506829404,3.074395859389545,-3.523102604004862,-0.2886637381
2.0701257108829605,-2.8467535452631574,3.0729744640524648,-3.547495727967099,-0.2890913671
2.069490736792635,-2.8706728100205674,3.0715325704533853,-3.5719000619646564,-0.2895402159
2.068854398792708,-2.89459551192459,3.070069354285232,-3.596315774743327,-0.2900110303
2.068216629215864,-2.9185215111808667,3.068583948662475,-3.6207430417052104,-0.2905038888
2.0675773881812023,-2.942450663001815,3.067075458642526,-3.6451820453928283,-0.2910191225
2.0626036096831157,-2.9664278915234377,3.0648576841298696,-3.6696331088406886,-0.0013609156
2.0619499902268994,-2.9904074521474646,3.063417991652447,-3.6940981876538457,-0.2802291314
2.061321079689212,-3.0144423881480322,3.0620901506903837,-3.7185793668960407,-0.2805510497
2.0606910755551837,-3.038481579238877,3.0607455479114254,-3.7430711122019837,-0.2808924457
2.060059948639861,-3.06252491692904,3.059383509192269,-3.7675735636931478,-0.2812535412
2.0594276634206663,-3.0865722877230626,3.0580033306410748,-3.792086867031077,-0.2816347611
2.058794190193658,-3.110623574733836,3.0566042842742682,-3.8166111737336172,-0.2820368729
2.0581594817099242,-3.1346786540662914,3.0551856037788174,-3.8411466412596407,-0.2824600354
2.0575235167510755,-3.158737396855118,3.053746496697241,-3.86569343344007,-0.2829048827
2.052681514344638,-3.1828442752446664,3.0516461602479765,-3.890252045024737,-0.0008081902
2.0520331125265585,-3.206953521244659,3.0502788327572063,-3.9148238259584995,-0.2718801456
2.0514069891532754,-3.231117764382015,3.049023249533401,-3.939410984616341,-0.2721099191
2.050779980220381,-3.255286830503102,3.0477538349786135,-3.96400823458782,-0.2723571870
2.050152042960285,-3.279460632067473,3.046470033097268,-3.988615693564114,-0.2726223146
2.0495231597491794,-3.3036390756246172,3.0451712640911675,-4.013233483857965,-0.2729053080
2.0488933121204345,-3.3278220640283327,3.0438569250075314,-4.037861732623965,-0.2732076524
2.0482624544947536,-3.3520094956402433,3.042526382528966,-4.062500572024933,-0.2735301040
2.0476305476892027,-3.376201265242561,3.04117898054608,-4.087150139539226,-0.2738700211
2.0429663487922265,-3.400440902651337,3.0392221866966382,-4.111811115757391,-0.0020673498
2.0423248479672282,-3.4246830547142357,3.037950030983886,-4.136484177169599,-0.0006702793
2.041681996838754,-3.448929975902721,3.0366633954738074,-4.161167523518845,-0.2628103819
2.041058510262485,-3.4732313697331394,3.035488152535401,-4.185865430582717,-0.2629256616
2.0404343345916964,-3.4975382348730544,3.0343023885578333,-4.210572881496521,-0.2630557781
2.039809458860239,-3.5218505045053705,3.0331056813430854,-4.235289967915361,-0.2632011035
2.0391838464135184,-3.546168109678801,3.031897589134626,-4.260016785046268,-0.2633616850
2.0385574915011353,-3.570490977665105,3.030677655454785,-4.284753431842313,-0.2635380144
2.037930366419106,-3.5948190321711917,3.0294454003459506,-4.3095000110851025,-0.2637307795
2.0373024572261413,-3.619152193882967,3.0282003272573723,-4.334256629640082,-0.2639398774
2.0366737437914533,-3.6434903788992488,3.0269419152189374,-4.359023398537969,-0.2641672741
2.036044189058059,-3.6678334994712984,3.0256696183944687,-4.383800433213558,-0.2644117239
2.031529974414584,-3.6922244254846097,3.0238402229115824,-4.40858853458343,-0.0012676726
2.0308932575723704,-3.7166179971364013,3.022646339465613,-4.433387849310597,-0.0000806881
2.030255462465394,-3.7410169867658376,3.021441214260663,-4.458196931291273,-0.2529374841
2.029633781625422,-3.765469920601714,3.02034707993287,-4.483019736114615,-0.2529219363
2.0290116158510334,-3.7899290142330404,3.0192458375019053,-4.507851527313537,-0.2529172628
2.028388932456957,-3.8143942233729216,3.0181371962233907,-4.532692369081568,-0.2529245078
2.027765729432955,-3.838865503383935,3.017020862856622,-4.55754232816562,-0.2529420116
2.02714199652918,-3.8633428085542927,3.015896533365338,-4.582401473812787,-0.2529721442
2.026517722719639,-3.887826088273799,3.014763883821882,-4.607269877851139,-0.2530146701
2.0258928906296862,-3.912315291887217,3.0136225817809486,-4.632147614912527,-0.2530700427
2.0252674813694718,-3.936810364258168,3.012472275293417,-4.657034762440338,-0.2531385356
2.024641497837091,-3.961311248938077,3.0113126044278444,-4.681931400939544,-0.2532207061
2.0240148899982486,-3.985817886013825,3.010143183530911,-4.706837613939506,-0.2533168363
2.0197123925518934,-4.010371824702042,3.0084754586913087,-4.73175432491634,-0.0024947854
2.0190823492600427,-4.0349286942873395,3.0073881773372677,-4.756681091290084,-0.0016180285
2.0184515850340943,-4.0594918643301545,3.006294130838075,-4.781616862549528,-0.0007219628
2.0178200902529797,-4.084061295370071,3.005193053651246,-4.806561700460006,-0.2412448523
2.0172001526524923,-4.108683733987332,3.0042018730197237,-4.831519176176217,-0.2410386665
2.0165799270984377,-4.133313215755615,3.003207969803973,-4.85648489145088,-0.2408373125
2.015959396647309,-4.157949729068147,3.002211238960229,-4.881458874170328,-0.2406391654
2.0153385996562214,-4.182593263255221,3.00121158420705,-4.9064411531870125,-0.2404469858
2.0147174970193618,-4.207243804961589,3.0002088878399813,-4.93143175814227,-0.2402593721
2.0140960871683538,-4.231901340809678,2.999203035388436,-4.956430719721874,-0.2400771765
2.0134743753679496,-4.256565857044139,2.9981939098219925,-4.981438069634545,-0.2399002719
2.012852349015586,-4.281237337875475,2.9971813833848873,-5.006453840578675,-0.2397289018
2.0122300116847915,-4.305915767074377,2.996165326774661,-5.031478066389743,-0.2395637075
2.0116073486487305,-4.330601127783907,2.995145603273833,-5.056510782032002,-0.2394040138
2.0109843622674237,-4.3552934017350164,2.994122072036311,-5.081552023662128,-0.2392508967
2.010361046040922,-4.3799925695304625,2.99309458468223,-5.106601828673558,-0.2391042409
2.0097373883018697,-4.404698610544264,2.9920629854867764,-5.131660235748632,-0.2389643822
2.009113377799388,-4.4294115029452685,2.9910271121213605,-5.156727284933339,-0.2388315592
2.0084890346214688,-4.4541312255087036,2.9899868048397122,-5.181803017750657,-0.2387059530
2.0078643440374364,-4.4788577527969515,2.9889418840287596,-5.206887477054593,-0.2385880019
2.0072392734972997,-4.503591059474077,2.987892163585963,-5.2319807072817595,-0.2384778477
2.0066138526606787,-4.528331119238665,2.986837459981241,-5.257082754553131,-0.2383767702
2.0025574457361373,-4.553117979514243,2.98535922800261,-5.282194608309063,-0.0018896012
2.0019332008307535,-4.577908167346172,2.9843910777122153,-5.307315267126037,-0.0014000053
2.0013086607054618,-4.602705738557751,2.983421340652312,-5.33244408633234,-0.0009062838
2.0006838182247493,-4.627510691244075,2.982449963785345,-5.357581084480503,-0.0004070923
2.000058660308762,-4.652323021651742,2.981476887260829,-5.382726280549735,-0.2250000512
1.99943840717532,-4.677187178288641,2.9806121568329287,-5.407882749200782,-0.2245045942
1.998818048546629,-4.702059558923589,2.9797502818086046,-5.433046527852648,-0.2240025196
1.998197585595291,-4.726940193931267,2.9788913932226833,-5.45821759665417,-0.2234922494
1.9975770240597905,-4.751829115488407,2.978035630392761,-5.483395934604005,-0.2229737977
1.99695636080446,-4.776726357055372,2.9771831377469793,-5.5085815194807495,-0.2224465159
1.9963355990957297,-4.801631952772728,2.976334065647552,-5.533774327788669,-0.2219099941
1.9957147414396645,-4.826545937886655,2.975488570556821,-5.558974334708796,-0.2213638498
1.9950937816811818,-4.85146834956575,2.974646816138127,-5.584181514049177,-0.2208075389
1.994472749431251,-4.876399227440777,2.97380898127243,-5.609395838207686,-0.2202406550
1.9938516327012685,-4.901338609656471,2.972975238916261,-5.634617277954885,-0.2196626584
1.9932304313124594,-4.926286537309475,2.9721457752514717,-5.65984580255549,-0.2190729647
1.9926091483656267,-4.951243052905548,2.971320784735259,-5.685081379629216,-0.2184709245
1.9919877902944298,-4.9762082002223895,2.970500469929283,-5.710323975073936,-0.2178560368
1.9913663587623998,-5.001182024726296,2.9696850415845324,-5.735573552994509,-0.2172282946
1.9907448462604889,-5.026164573773944,2.968874718715766,-5.760830075632535,-0.2165847191
1.9901232641121702,-5.051155897365344,2.9680697348049847,-5.786093503279922,-0.2159267425
1.9895016130695211,-5.076156045941643,2.967270328115969,-5.811363794159977,-0.2152534649
1.9888798918173294,-5.101165072064727,2.9664767474167513,-5.8366409043777345,-0.0000214129
1.988257950470458,-5.126140162451126,2.965583911432712,-5.861922009117281,-0.2141193832
1.9876359827346974,-5.151166253594385,2.964798189825891,-5.887213513026031,-0.0000147977
1.9870143821916946,-5.176158665126061,2.963914101216701,-5.912508981647909,-0.2129404225
1.9863921772066442,-5.201201976205455,2.963136964623858,-5.937814753546535,-0.0000790394
1.9857709775512862,-5.226211894690096,2.962262448884794,-5.963124455468917,-0.2117116894
1.9851485281055208,-5.251272592996048,2.9614946875374173,-5.988444355851559,-0.0002224096
1.9845277881227097,-5.2763002199187055,2.9606306461625254,-6.013768146251745,-0.0001184219
1.9839071269088515,-5.301336270678579,2.959769735738005,-6.03909934849202,-0.0000283939
1.983286527863441,-5.326380780563695,2.9589121025840694,-6.064437940303229,-0.2093717225
1.982663513131245,-5.351475874127356,2.958160904072853,-6.089786544565205,-0.0003135428
1.9820434943551957,-5.376538460310239,2.957315358981636,-6.1151389721800955,-0.0002833759
1.981423604212097,-5.401609652102846,2.956473783618675,-6.140498670915098,-0.0002692719
1.9808038531094168,-5.426689490187554,2.9556363605787235,-6.165865611092369,-0.0002719987
1.9801842421017644,-5.451778017393044,2.9548032807483127,-6.191239761419502,-0.0002924291
1.979564802588635,-5.4768752765632644,2.953974743487418,-6.216621088897522,-0.0003313988
1.9789455425653033,-5.501981313285056,2.953150956390155,-6.2420095587662,-0.0003898443
1.978326472895954,-5.52709617497547,2.952332136769367,-6.267405134421116,-0.0004687509
1.9777076228008064,-5.552219909620397,2.951518510740462,-6.2928077773137066,-0.0005691235
1.977088995916993,-5.5773525686334695,2.950710314737289,-6.318217446895818,-0.0006921557
1.9764706163735115,-5.602494204231468,2.949907795319307,-6.343634100500647,-0.0008389153
1.9758525025962028,-5.6276448710243185,2.9491112098769885,-6.369057693267094,-0.0010099728
1.975234675524304,-5.652804625121,2.9483208257029108,-6.394488178030762,-0.0012076931
1.974617145199666,-5.677973525266228,2.947536921336963,-6.419925505237884,-0.0014330022
1.97399996208724,-5.703151634041148,2.9467597967460186,-6.445369622871247,-0.0016872602
1.973383132845107,-5.728339013870733,2.9459897522789036,-6.4708204761953265,-0.0019720709
1.9727666770138725,-5.753535730434194,2.945227105049803,-6.496278007786733,-0.0022890961
1.972150627480862,-5.7787418528735754,2.944472189826259,-6.52174215740667,-0.0026400880
1.971535006677451,-5.803957452381041,2.943725352685689,-6.5472128617938745,-0.0030268460
1.970919840914932,-5.829182603006917,2.9429869552217687,-6.572690054581729,-0.0034510215
1.9703051616178244,-5.85441738170143,2.9422573751437193,-6.598173666157271,-0.0039159591
1.969690994115836,-5.879661869317224,2.9415370077205636,-6.623663623518266,-0.0044227406
1.9690773746647718,-5.904916149449458,2.9408262654225337,-6.64915985011101,-0.0049741457
1.9684643350521274,-5.93018030902245,2.940125577791492,-6.674662265662945,-0.0055728843
1.9678519111334791,-5.955454438747345,2.939435394096501,-6.700170786035564,-0.0062216994
1.967240141687134,-5.9807386330809384,2.9387561834937066,-6.725685323046336,-0.0069236749
1.966629063804618,-6.006032990262752,2.9380884349547376,-6.751205784282508,-0.0076827111
1.9660187126517097,-6.031337612933172,2.9374326592656237,-6.776732072915912,-0.0085020332
1.9654091237993094,-6.056652608233524,2.936789389994219,-6.80226408753292,-0.0093854057
1.964800365692489,-6.0819780877084195,2.9361591880400346,-6.827801721885051,-0.0103369193
1.9641924733901779,-6.107314167382378,2.935542633699862,-6.853344864668106,-0.0113621728
1.9635854865226303,-6.132660968677009,2.9349403344371403,-6.878893399333841,-0.0124652972
1.9629794706236796,-6.158018618618526,2.9343529287050774,-6.9044472038583065,-0.0136530489
1.9640559901262165,-6.183382690295732,2.933980087900641,-6.930007006381268,-0.0050244296
1.9634437041083983,-6.208717879602591,2.933312454793308,-6.955569065537423,-0.0057914650
1.9628321473972978,-6.234063401864407,2.9326569103627818,-6.981136969199284,-0.0066193739
1.9622213614035904,-6.259419365518942,2.9320139948989183,-7.006710614552839,-0.0075129923
1.9616113887441862,-6.284785884354011,2.9313842744382126,-7.0322898938918,-0.0084752352
1.961002274670996,-6.310163075350869,2.930768335967615,-7.057874694377057,-0.0095122887
1.960394068692552,-6.3355510628997775,2.9301667988506797,-7.083464897862612,-0.0106285649
1.959786825696293,-6.360949975764888,2.9295803079121385,-7.109060380580905,-0.0118308127
1.9591805925771897,-6.386359948696356,2.92900953639434,-7.134661012917189,-0.0131251713
1.9602307377533879,-6.411776478889714,2.9286466204668637,-7.160267474479643,-0.0045710268
1.9596185294298454,-6.4371648847162595,2.9279986212340043,-7.185876174875365,-0.0054450021
1.9590071087048186,-6.4625638605469,2.927363689434087,-7.211490568346313,-0.0063871967
1.9583965259793745,-6.487973524386622,2.92674241258357,-7.237110542881882,-0.0074030943
1.957786822959475,-6.5133939995670245,2.9261354036601466,-7.262735981127132,-0.0084968772
1.9571780608432676,-6.538825413932403,2.9255433030895692,-7.288366760150533,-0.0096747103
1.956570283093878,-6.564267901782521,2.924966779619609,-7.314002751196354,-0.0109428189
1.95596354762471,-6.589721603642262,2.9244065343527628,-7.339643819433623,-0.0123085445
1.9553579123530895,-6.615186666401852,2.923863299992586,-7.365289823650304,-0.0137808244
1.9563625267654798,-6.640658500137261,2.923519789031398,-7.390941368191564,-0.0053807824
1.9557513637237813,-6.6661035963477495,2.9229046297428853,-7.4165950763010215,-0.0064357854
1.9551410976631345,-6.691559611347427,2.922304101315738,-7.442254207853453,-0.0075729229
1.9545317860940532,-6.717026677762419,2.921718863971852,-7.467918636294421,-0.0087971140
1.9539234782828974,-6.7425049338614835,2.921149605799604,-7.493588229051564,-0.0101155403
1.9533162292256394,-6.767994524419236,2.9205970472932035,-7.519262847275786,-0.0115361253
1.9527100934464054,-6.793495601175608,2.920061942426925,-7.544942345551156,-0.0130673421
1.953701088360544,-6.819003526655681,2.9197224096245717,-7.570627304689562,-0.0047042127
1.9530895930478795,-6.844485088646786,2.9191168694080525,-7.596314428477103,-0.0058187939
1.9524790218526442,-6.869977707373256,2.9185264795099455,-7.622006904121138,-0.0070198693
1.9518694453405276,-6.895481521276627,2.9179519280245128,-7.647704600026832,-0.0083134291
1.9512609065853581,-6.920996673690754,2.9173939273499996,-7.673407378272604,-0.0097066919
1.950653449798281,-6.9465233149436525,2.916853223438167,-7.699115094449185,-0.0112087943
1.9500471390691758,-6.97206160370182,2.916330602263911,-7.724827597319685,-0.0128295032
1.951016633915696,-6.997606850053413,2.9159988176245415,-7.75054543362963,-0.0045366346
1.9504051874357322,-7.02312636617811,2.9154081887321186,-7.7762654125358495,-0.0057418194
1.9497947170465615,-7.048657122751528,2.9148334666870253,-7.8019906241804655,-0.0070407787
1.9491852757245554,-7.074199264929002,2.9142753712932454,-7.827720929722267,-0.0084401706
1.9485769206771264,-7.099752945076908,2.9137346570331544,-7.853456183722844,-0.0099486783
1.9479697135202596,-7.1253183228410455,2.913212113993702,-7.879196233830619,-0.0115758390
1.9473636989108762,-7.150895564995234,2.9127085656749245,-7.904940920452344,-0.0133335799
1.94829916862136,-7.176479923541181,2.91239019654109,-7.930690740509924,-0.0051658308
1.9476883520912613,-7.20203959297723,2.911822535248481,-7.9564426457241355,-0.0065125338
1.9470785837662719,-7.227610756042244,2.9112718956182744,-7.9821995919159265,-0.0079638571
1.9464699122842901,-7.2531935691664104,2.9107390502183916,-8.007961429722322,-0.0095292450
1.9458624118160042,-7.278788197589808,2.9102248139658373,-8.033728002703214,-0.0112187728
1.9452561232591756,-7.304394812906617,2.9097300318848762,-8.059499146914048,-0.0130445237
1.9461756553944234,-7.330008627088859,2.9094168574720243,-8.085275335924896,-0.0049312978
1.9455647326310175,-7.355598218802864,2.90885973092935,-8.111053596047183,-0.0063477565
1.9449548885052106,-7.3811994428057135,2.908320177454706,-8.136836812901528,-0.0078750999
1.9443461826926933,-7.406812461959259,2.907798999448609,-8.162624831769143,-0.0095230119
1.9437386634763614,-7.432437446470371,2.907297034243578,-8.188417490552096,-0.0113032447
1.943132410198321,-7.45807457654836,2.90681516654995,-8.21421461944977,-0.0132296257
1.9440277674021447,-7.4837190189928195,2.90651072333577,-8.240016658832419,-0.0052082587
1.9434171063147516,-7.509339974016837,2.905969228873472,-8.265820732942883,-0.0067282505
1.9428075730007397,-7.534972744840724,2.9054460883944624,-8.291629633431686,-0.0083685410
1.9421992128942096,-7.560617502486753,2.904942140591092,-8.317443198112887,-0.0101402434
1.9415921079991267,-7.586274427459838,2.9044582708460407,-8.343261257071644,-0.0120565747
1.94098630709207,-7.611943708596819,2.9039954011893965,-8.369083632247868,-0.0141335121
1.9418446906316706,-7.637620462752417,2.903704815661259,-8.39491071660288,-0.0062651128
1.9412348229852556,-7.663274878160114,2.9031864846140425,-8.420739766525658,-0.0079423128
1.9406261474807192,-7.688941360784918,2.9026876301643747,-8.446573444181901,-0.0097545399
1.9400187145009635,-7.714620093543048,2.90220914646465,-8.472411576768389,-0.0117165252
1.9394126118926789,-7.7403112710890944,2.9017519812716355,-8.498253983245789,-0.0138432834
1.9402596817179953,-7.76600998031833,2.901464564188851,-8.524101041897294,-0.0060170062
1.9396496295142815,-7.791686681536875,2.9009531623719282,-8.549950058017274,-0.0077457730
1.939040786861454,-7.817375549118781,2.9004616155542444,-8.575803646207273,-0.0096157191
1.9384332094648697,-7.843076771202563,2.899990840116215,-8.601661629902704,-0.0116403426
1.937826963091577,-7.868790545985847,2.899541799085366,-8.62752382409141,-0.0138382846
1.9386575325780346,-7.894511931037367,2.899259586115139,-8.653390586799949,-0.0060791613
1.9380474988726597,-7.920211806352907,2.8987581192072303,-8.679259285823425,-0.0078819697
1.9374387030154758,-7.945923975075387,2.8982770245365748,-8.705132473962477,-0.0098328974
1.9368311976921453,-7.971648630836856,2.897817243473242,-8.731009969607626,-0.0119487922
1.9362250433006643,-7.997385979433127,2.897379769593852,-8.75689158247732,-0.0142475576
1.9370313765610936,-8.023131043351567,2.897105618664574,-8.782777642305499,-0.0065942787
1.9364216548913784,-8.048855345027567,2.896618383982744,-8.808665598828481,-0.0085039649
1.9358132049676129,-8.074592106373487,2.896152234454922,-8.834557922408507,-0.0105735538
1.9352060725220537,-8.100341530002506,2.8957081490702175,-8.860454424608365,-0.0128213091
1.9360266267473576,-8.12609863144927,2.895427409421164,-8.886355450367784,-0.0050931764
1.9354158361608271,-8.151834489398643,2.894931929276043,-8.912258421644701,-0.0069475222
1.934806280823519,-8.177582760619424,2.8944572084804716,-8.938165838705439,-0.0089553399
1.9341980369083227,-8.20334364487593,2.8940042151474485,-8.964077515857342,-0.0111342469
1.9335911476785246,-8.229117352700074,2.8935739621444605,-8.98999325845379,-0.0135042036
1.934382151457234,-8.254898861783827,2.893303180494543,-9.01591337806439,-0.0059096567
1.9337718529684467,-8.280660047380717,2.8928247816765498,-9.041835390780173,-0.0078938119
1.9331628319408156,-8.306433839817714,2.8923679885323472,-9.067761700965171,-0.0100457295
1.9325551618266577,-8.332220449575596,2.891933814527115,-9.093692114853809,-0.0123864481
1.9319488818225483,-8.358020099432638,2.8915233225861066,-9.119626429292556,-0.0149388851
1.934360568541732,-8.383793284792906,2.891360610903913,-9.145563753289236,-0.1646753627
1.9337127850079872,-8.409570814947072,2.8908720992065065,-9.171504797214189,-0.1626177793
1.9330632852080762,-8.435360996556492,2.8904048693663094,-9.197450191482071,-0.0003343029
1.9324491157323105,-8.4611302593782,2.889881459603117,-9.223398203175504,-0.0020064419
1.9318360753821555,-8.486911766403933,2.889377684313959,-9.249350926842947,-0.0038142896
1.931224248654703,-8.51270570651101,2.888894460423599,-9.275308186468667,-0.0057710209
1.9306136789439283,-8.538512277206936,2.8884327424192215,-9.30126979749232,-0.0078941031
1.9300044134220455,-8.564331688460044,2.8879935376533963,-9.327235566463969,-0.0102015168
1.92939652887607,-8.590164163127053,2.887577911223574,-9.353205290579552,-0.0127167029
1.93015515022371,-8.616004603740702,2.8873151245452227,-9.379179245693013,-0.0052600281
1.9295441735726993,-8.641825679254039,2.8868547912488514,-9.405155069704666,-0.0073973295
1.9289345078678095,-8.667659636506508,2.886417086394649,-9.431135043054889,-0.0097213408
1.9283262131365573,-8.693506699979926,2.886003079968875,-9.457118961629622,-0.0122553404
1.9277193213349764,-8.719367108367624,2.885613898104265,-9.483106611404054,-0.0150289382
1.9300577012465847,-8.745202016174245,2.8854595695304655,-9.50909709481776,-0.1602963025
1.9294059209108418,-8.771041567779509,2.8849963188326235,-9.535091166352371,-0.1580612357
1.928751880752786,-8.79689412568221,2.884555689824755,-9.561089371392645,-0.0009255889
1.9281379705790578,-8.82272716529119,2.8840633158142293,-9.587090058732219,-0.0028268641
1.9275252605774775,-8.848572834918427,2.883592174073755,-9.613095193403494,-0.0048877528
1.9269138370641046,-8.874431342772535,2.883143265831362,-9.639104583779083,-0.0071263053
1.9263037451377738,-8.90030290850654,2.882717638846184,-9.66511802887608,-0.0095637267
1.9256950290894632,-8.926187765387992,2.882316398030642,-9.691135317954828,-0.0122274902
1.9250877138642812,-8.952086163747625,2.8819407132946804,-9.71715623003384,-0.0151503271
1.9273782891686968,-8.977959700132507,2.881791927062448,-9.743179864297971,-0.1575070234
1.926723729898231,-9.003838069525143,2.881344732176936,-9.769206999063025,-0.1551497055
1.92606648648732,-9.02972967634773,2.8809210185184773,-9.7952381280509,-0.0013900409
1.9254527156558334,-9.055602696933759,2.8804484990648307,-9.821271651227256,-0.0034477524
1.9248401981427599,-9.081488598035996,2.879998244754794,-9.847309450763701,-0.0056829937
1.924229002542742,-9.10738760168182,2.879571312596773,-9.873351324904995,-0.0081169069
1.9236191688279267,-9.13329994216921,2.8791688107387716,-9.89939706200686,-0.0107762206
1.9230107243860821,-9.159225870648198,2.878791912604279,-9.925446440121387,-0.0136949732
1.9236726151493004,-9.185160160493455,2.878554505642877,-9.951499644747992,-0.0067297180
1.9230619005724117,-9.21107806510867,2.878143070864063,-9.977554589460091,-0.0093072423
1.9224525712468479,-9.237009487083885,2.877756849739013,-10.003613258872686,-0.0121317778
1.921844617363415,-9.262954690390746,2.8773970612144155,-10.029675423570358,-0.0152414656
1.9240776822102867,-9.2888758047763,2.8772546216943184,-10.055740180962731,-0.1541000387
1.9234194381321914,-9.314801977014874,2.8768263781652954,-10.081808333535,-0.1515874408
1.922757897621008,-9.340741670981725,2.8764226470824252,-10.10788031516449,-0.0019120133
1.9221441775606987,-9.366663921715418,2.875973703612143,-10.1339545868434,-0.0041677837
1.9215317590737115,-9.392599360449376,2.8755482722668284,-10.160032930940005,-0.0066255364
1.9209206893390203,-9.418548226350408,2.87514747855111,-10.1861151333872,-0.0093120604
1.9203110033843627,-9.444510774256058,2.87477251075252,-10.21220096959619,-0.0122614701
1.919702669911272,-9.470487278911596,2.8744246262353323,-10.238290203960947,-0.0155181805
1.921891153136409,-9.496440308621404,2.8742876456052286,-10.264381931555565,-0.1516689936
1.9212300500621662,-9.522398561088044,2.8738736559437,-10.290476969814957,-0.1490317867
1.920565085647931,-9.54837054713778,2.8734849450071813,-10.31657571093434,-0.0025392392
1.9199515116870505,-9.574325993823454,2.873053863178082,-10.342676659618117,-0.0049535210
1.9193392701007013,-9.600294858361266,2.872647235328135,-10.368781524096192,-0.0075903789
1.918728384263946,-9.626277392929431,2.872266238054195,-10.394890081041547,-0.0104833213
1.918118853845259,-9.65227386999174,2.8719121221590087,-10.421002096160262,-0.0136730892
1.91871160285474,-9.67827896954651,2.871687814601936,-10.447117703286825,-0.0071053716
1.9181003468009075,-9.704269794857991,2.8713060661983474,-10.47323498910233,-0.0099922511
1.917490446577688,-9.730274573211014,2.8709511965693535,-10.499355741842525,-0.0131762940
1.9180857733422156,-9.756287976695754,2.8707257835123956,-10.525480097094437,-0.0065890742
1.9174741318275867,-9.782287016088059,2.870343015032392,-10.55160614148049,-0.0094684892
1.9168638485350844,-9.808300017012254,2.8699871116937827,-10.577735664028483,-0.0126426283
1.9174626947076578,-9.834321642950991,2.869760382035759,-10.603868802689416,-0.0060299316
1.9168506397818699,-9.860328784849035,2.8693762175281607,-10.630003642369015,-0.0088972928
1.916239941155618,-9.886349892669067,2.869018885319642,-10.656141974934272,-0.0120578977
1.9156305381123688,-9.912385261041255,2.868689712146596,-10.682283554380561,-0.0155649763
1.9177480219345335,-9.938398123272593,2.8685599960974937,-10.708427477808584,-0.1474051981
1.917081457553194,-9.96441647724078,2.8681684245388066,-10.734574581565138,-0.1445532363
1.9164098842957122,-9.990448931043977,2.867803386229575,-10.760725190451753,-0.0031742690
1.9157961081766557,-10.01646632373121,2.8674006049424854,-10.786877882221999,-0.0058617356
1.9151836735609848,-10.042497527233943,2.867023823792859,-10.81303424221661,-0.0088126349
1.914572565576624,-10.068542820548826,2.866674317053553,-10.839194031711823,-0.0120713001
1.9139627169581408,-10.094602508377728,2.8663534458851703,-10.865357000153656,-0.0156960589
1.9160476291244553,-10.120640143302804,2.8662273162048253,-10.89152224516463,-0.1455611515
1.9153784670792826,-10.14668338776973,2.865845730336016,-10.917690609347053,-0.0001973177
1.9147628600661515,-10.172710415222193,2.865422699643234,-10.943861184404636,-0.0027021620
1.9141485641871205,-10.198751085175761,2.865024764797031,-10.970035618662001,-0.0054430566
1.9135355978788442,-10.224805662036056,2.864653147176596,-10.996213681432389,-0.0084555451
1.9129239402891005,-10.250874431007608,2.8643091431480467,-11.02239513058806,-0.0117869578
1.9123135048419608,-10.276957704292345,2.8639941384016403,-11.048579711959023,-0.0154997094
1.914375854729068,-10.303019227882618,2.863869616557367,-11.074766526695884,-0.1439958580
1.9137044768529619,-10.329086450249847,2.8634950630610114,-11.100956421186671,-0.0000964755
1.9130885729899587,-10.355137881257367,2.863080379710593,-11.127148493467057,-0.0026833384
1.9124739804384503,-10.381203084516752,2.862691273623415,-11.153344353106094,-0.0055181760
1.9118607070007154,-10.407282332622895,2.8623289963862373,-11.179543764482695,-0.0086401450
1.911248712493559,-10.433375920973138,2.861994879385087,-11.205746480256632,-0.0121016797
1.9106378703521918,-10.459484174596028,2.8616903486574077,-11.231952240741785,-0.0159729357
1.912657068753624,-10.48557129738973,2.8615713217799614,-11.25816014570246,-0.1418563208
1.9119822047180677,-10.511664262653067,2.861209437483016,-11.284371046352309,-0.0007732774
1.9113664041498504,-10.537742262779776,2.8608100077844436,-11.310584051362579,-0.0035105325
1.9107519175024679,-10.563834236609532,2.860436972175705,-11.336800707495286,-0.0065193685
1.9101387127883576,-10.589940471165674,2.860091632621261,-11.363020771077181,-0.0098458768
1.909526712750228,-10.616061281046436,2.859775384069256,-11.389243986268909,-0.0135525769
1.9105389672100006,-10.642179933176829,2.85959582120133,-11.415470391885373,-0.0031731133
1.9099241357435177,-10.668283470646616,2.8592243350563598,-11.441698186183624,-0.0062017195
1.9093105924659937,-10.694401310322611,2.8588806681252144,-11.467929375863434,-0.0095521808
1.90869823395819,-10.720533769097202,2.8585662214631817,-11.494163703692596,-0.0132875440
1.9097049534854038,-10.74666420213928,2.8583873689568,-11.52040120486034,-0.0029265019
1.9090898241989278,-10.772779570531956,2.858018219514933,-11.546640093635382,-0.0059841464
1.9084759728131877,-10.798909291152444,2.857677049940133,-11.572882358386162,-0.0093683699
1.9078632886214268,-10.82505368427184,2.8573652726932224,-11.59912774013479,-0.0131450973
1.9088635727611842,-10.85119617233823,2.857187941442329,-11.625376268438737,-0.0027984290
1.9082481967602412,-10.877323698722702,2.8568221418968456,-11.65162617745591,-0.0058963071
1.9076340911135952,-10.903465638394469,2.856484533527285,-11.67787943357106,-0.0093283190
1.9070211229225345,-10.929622316456973,2.8561765435492843,-11.704135775595788,-0.0131632354
1.908013798792774,-10.955777195953731,2.856001779758633,-11.730395224884107,-0.0028255691
1.9073982540559613,-10.98191728511065,2.8556406382108244,-11.756656040434693,-0.0059789173
1.9067839545887244,-11.008071862723458,2.855307962268532,-11.782920161965713,-0.0094769927
1.9061707516286541,-11.034241260957366,2.8550052014280083,-11.809187325492013,-0.0133928405
1.9071542718234196,-11.060408949361243,2.8548343545880868,-11.835457540837028,-0.0030567124
1.9065386345458055,-11.086562107142095,2.854479558260306,-11.861729098203059,-0.0062861919
1.9059242162306222,-11.112729848401349,2.8541535895187415,-11.888003904619922,-0.0098753896
1.9053108403177081,-11.138912514190022,2.8538579254806864,-11.914281692502314,-0.0139036312
1.9062831574118442,-11.165093537271414,2.8536927445155107,-11.94056245580121,-0.0035584547
1.905667530987766,-11.191260404157797,2.8533464834743296,-11.966844524135757,-0.0068923647
1.905053074600663,-11.21744197470091,2.853029522183603,-11.993129764046405,-0.0106076505
1.9044395690561544,-11.243638603380175,2.8527433777115356,-12.019417903348643,-0.0147929300
1.9053978794512563,-11.269833631620234,2.8525861304219484,-12.045708914427461,-0.0044233950
1.9047823863500661,-11.29601502969886,2.852251262786527,-12.072001176970975,-0.0079015808
1.904167997049413,-11.322211286340059,2.851946316643186,-12.098296506793435,-0.0117932122
1.9035543958223218,-11.34842277558515,2.8516728625658345,-12.124594625784512,-0.0162009862
1.9054431010083315,-11.374614981076018,2.851566400525013,-12.150894645367726,-0.1341912671
1.9047540869270643,-11.400813484612458,2.851242112352726,-12.177197418953766,-0.0016524615
1.904137229711659,-11.426999615762746,2.850888329252645,-12.203502095324852,-0.0049032224
1.9035215663755398,-11.453200415439891,2.8505635591045966,-12.229810017639663,-0.0085188091
1.9029069212265852,-11.47941623054584,2.8502692983533033,-12.25612091577979,-0.0125787919
1.9038668736099535,-11.505630830467581,2.8501026659772335,-12.282434782329807,-0.0023105269
1.9032500843065696,-11.531831212154767,2.849758765395732,-12.308749974685893,-0.0056830223
1.9026344355263152,-11.55804639924329,2.8494444214901025,-12.335068322683785,-0.0094448882
1.9020196831703062,-11.584276753032958,2.8491611723702817,-12.36138955093232,-0.0136882004
1.9029639274890489,-11.61050591834509,2.8490038868004306,-12.387713627151381,-0.0033889734
1.9023473343478674,-11.636721486305483,2.8486731411436903,-12.414038964872692,-0.0069303255
1.9017317922819592,-11.662952037065534,2.8483726676239933,-12.44036733714061,-0.0108990894
1.9011169397277439,-11.68919795498677,2.8481040668625184,-12.466698461766118,-0.0154051007
1.9029868738815223,-11.715424830264354,2.8479971368931323,-12.493031460788318,-0.1322598771
1.902294380239373,-11.741658092485789,2.8476786663856997,-12.51936718574934,-0.0009469833
1.9016765957156916,-11.767879379951163,2.8473318821725377,-12.545704793643209,-0.0042911394
1.9010599448300805,-11.794115489822923,2.8470145994573426,-12.572045588264343,-0.0080182991
1.9004442126439476,-11.820366782191781,2.8467283552552396,-12.59838929414877,-0.0122180939
1.8998288782434545,-11.846633668921134,2.8464748212823445,-12.624735621753862,-0.0170242891
1.901626802186553,-11.872882602875404,2.846378348134929,-12.651083686418007,-0.1295349558
1.900926146481007,-11.899138118489594,2.846078299780719,-12.677434333023907,-0.0030006092
1.9003088085765847,-11.925383167971152,2.845754746598031,-12.703786741204121,-0.0066453594
1.8996924342676522,-11.95164334874592,2.8454619509763206,-12.73014212121676,-0.0107417320
1.8990765839148716,-11.977919061839165,2.845201559330027,-12.75650018571836,-0.0154123695
1.9009102755600584,-12.004176254236908,2.8450978467588532,-12.782860061560557,-0.1300789905
1.9002127683352124,-12.030439957159562,2.844789346346368,-12.809222596572889,-0.0011580932
1.899594501172383,-12.056692449757017,2.844454901928892,-12.835586960526909,-0.0046633038
1.8989772846761621,-12.082959970282582,2.8441507031471494,-12.861954400415776,-0.0085870706
1.8983607993494438,-12.109242900569766,2.843878348640294,-12.888324633222496,-0.0130353042
1.8992765250648944,-12.13552517973166,2.8437271970933393,-12.914697604516888,-0.0028057237
1.8986585825757858,-12.16179433400278,2.8434103552818777,-12.941071806421052,-0.0065492672
1.898041531108415,-12.188078753627963,2.843124718453005,-12.967448920800207,-0.0107685037
1.8974248299427319,-12.214378855134024,2.8428719730855714,-12.993828655648421,-0.0155998165
1.8992235404250724,-12.240660948222413,2.8427717771175964,-13.02021014085281,-0.1281559381
1.8985209952079753,-12.266949664204036,2.8424725824844916,-13.046594219628357,-0.0015543425
1.8979023711056902,-12.293227922817968,2.84214979734834,-13.072980074233545,-0.0052195682
1.8972846862803492,-12.319521399816884,2.8418579541195035,-13.099368898992308,-0.0093408686
1.89666748801123,-12.3458305011012,2.841598715323263,-13.125760403940772,-0.0140434129
1.8975606017079907,-12.372139114889094,2.841458052385599,-13.15215450547868,-0.0037935485
1.8969423968825725,-12.398435339126713,2.8411571914427607,-13.178549766209793,-0.0077756444
1.896324839298895,-12.424747081851239,2.84088847394306,-13.204947792654185,-0.0122982579
1.89570710068169,-12.451074802033366,2.8406536877949864,-13.231348283816482,-0.0175362902
1.8974159343395234,-12.477385882525192,2.8405657659852994,-13.257750363490631,-0.1246769216
1.8967000965304708,-12.503703822028163,2.8402884913903974,-13.284154860624975,-0.0040941743
1.8960816463087078,-12.530013297890395,2.8399940556777565,-13.310560989726426,-0.0081792943
1.8954637198671624,-12.556338403848821,2.8397321596086855,-13.336969825754963,-0.0128342106
1.8963544767968623,-12.58266326241658,2.8395876647615967,-13.363381292579332,-0.0026494932
1.8957354861897024,-12.608975507265347,2.839284040192723,-13.389793951055834,-0.0065953217
1.8951171858080358,-12.635303275833973,2.839012489017439,-13.416209403775603,-0.0110704464
1.8944987872611767,-12.661647020758586,2.838774786356994,-13.442627349819467,-0.0162432887
1.896225682633899,-12.687973825081393,2.8386822349148977,-13.469046923360867,-0.1244710346
1.8955114628786756,-12.71430747012246,2.838401354808846,-13.495468955112669,-0.0026646412
1.894892164213982,-12.740632262766006,2.838101961133215,-13.521892654342379,-0.0066777484
1.894273481028806,-12.766972660987522,2.8378349176537334,-13.548319109621088,-0.0112391911
1.8936545222240868,-12.793329130341718,2.8376020293318915,-13.574748017235128,-0.0165295854
1.8953575104314022,-12.819669019005897,2.8375121228724067,-13.601178512226571,-0.1233175593
1.894638867895222,-12.846015817023234,2.8372370945116363,-13.627611420337024,-0.0031196453
1.8940193546874,-12.87235431863619,2.8369453365936583,-13.654045960341863,-0.0072553106
1.893400298958378,-12.898708554458175,2.8366863918611203,-13.680483186040279,-0.0119759953
1.8927806123725968,-12.925079015072416,2.8364621211865946,-13.706922789307416,-0.0174869087
1.8944384442999567,-12.951433587627925,2.8363780819963167,-13.733363902791451,-0.1215566783
1.8937109648253179,-12.977795184110494,2.8361135017951478,-13.759807342560519,-0.0044192277
1.893091357556121,-13.004149562042057,2.8358357358410906,-13.786252345770674,-0.0087922972
1.8924718424784408,-13.030519896290874,2.8355916044844163,-13.8126999043125,-0.0138258936
1.8933279515745005,-13.05689033955971,2.8354606447884625,-13.839149903161115,-0.0036375567
1.892708022792789,-13.083249165908095,2.835178990530221,-13.865601002291807,-0.0079449128
1.8920882895975162,-13.109623906875852,2.8349307800025745,-13.892054694147834,-0.0128911926
1.892947646979796,-13.135998858592533,2.83479554724583,-13.91851087383602,-0.0027485949
1.8923273614711786,-13.162361916173724,2.834509169611422,-13.944968186951758,-0.0069784829
1.8917073822060342,-13.188740836490634,2.8342560010398183,-13.971428138141386,-0.0118220008
1.8910864577887412,-13.215136132141625,2.8340379533747404,-13.997890415087753,-0.0175057051
1.8927131614888788,-13.24151600354082,2.833956349304069,-14.024354155457099,-0.1197028909
1.891977329948191,-13.267902996613293,2.833699233882409,-14.050820166460825,-0.0046901778
1.8913569677176374,-13.294283577553566,2.8334315508053187,-14.077287699914047,-0.0092507662
1.8907363271975632,-13.320680319347188,2.8331981752095845,-14.10375769647267,-0.0145384366
1.891571134209362,-13.347077384331786,2.833075543302724,-14.130230017219601,-0.0043401154
1.890950527383698,-13.373463460259025,2.8328072501133685,-14.156703380724418,-0.0088911195
1.8903296661143472,-13.399865702160529,2.8325732573739044,-14.183179213762095,-0.0141651081
1.8911634335157708,-13.42626834122657,2.832449609128983,-14.209657379388787,-0.0039895046
1.89054258046106,-13.452659935934761,2.832180707708581,-14.23613659651058,-0.0085307972
1.8899214903272217,-13.479067701543165,2.8319460986779244,-14.262618289587722,-0.0137916633
1.8907542074176755,-13.505475938777854,2.831821434644289,-14.289102323641497,-0.0036379521
1.890133101786316,-13.53187307600244,2.8315519263795816,-14.315587417940614,-0.0081701371
1.8895117862399495,-13.558286389682088,2.831316704764056,-14.342074994610313,-0.0134176268
1.8903434452802292,-13.584700248910229,2.831191025154123,-14.36856492061493,-0.0032867304
1.889722097292197,-13.611102953861996,2.8309209164740157,-14.395055915630714,-0.0078088427
1.889100556283199,-13.63752183996149,2.830685085813414,-14.421549399385075,-0.0130434135
1.8899311340538993,-13.663941346018607,2.8305583923672417,-14.448045240794615,-0.0029349817
1.8893095408015406,-13.69034964351875,2.8302876879000123,-14.47454215998269,-0.0074478677
1.8886877616675228,-13.716774127301104,2.830051253193024,-14.501041574246486,-0.0126695910
1.889517239098839,-13.74319930590252,2.829923550485689,-14.527543354428309,-0.0025835582
1.8888953964006003,-13.769613222319284,2.829652258884128,-14.554046221139252,-0.0070874650
1.8882733908048763,-13.796043330694475,2.8294152315198837,-14.580551589185406,-0.0122964941
1.8891017535046104,-13.822474207529382,2.829286525004129,-14.607059331301947,-0.0022327180
1.8884796703513098,-13.848893769917414,2.829014658187142,-14.633568168670765,-0.0067279210
1.8878574269222075,-13.875329529735408,2.828777048178011,-14.66007951353725,-0.0119245656
1.887233090680523,-13.90178206762583,2.8285757467246277,-14.686593042877284,-0.0181229756
1.8887707162936314,-13.928220535505757,2.8285021249443374,-14.713107903406291,-0.0000139539
1.8881480606295096,-13.95464148950922,2.8282155965394655,-14.739624113050326,-0.0042585521
1.8875256751411869,-13.98107844570382,2.8279625340312355,-14.766142970057968,-0.0091190497
1.8869022940150284,-14.007531923255357,2.8277448744999862,-14.792664157868584,-0.0148239127
1.887699121968445,-14.033986274177169,2.827633139257835,-14.819187503712767,-0.0046611663
1.8870764941610112,-14.060430544818663,2.827384915075515,-14.84571181965109,-0.0096244366
1.8864525680040787,-14.086891433102187,2.82717241000201,-14.872238421256254,-0.0154769496
1.8880581414505129,-14.113337167083909,2.827087748990182,-14.898766470370076,-0.1164051419
1.8873119647023306,-14.13979015420886,2.826837197724938,-14.925296762983518,-0.0028378475
1.886689046597737,-14.166237396259024,2.8265780087581356,-14.951828564018186,-0.0075786639
1.8860654450850445,-14.192701090542414,2.8263539208119295,-14.978362755160482,-0.0131131689
1.8868671729882887,-14.219165833828686,2.826235202518124,-15.004899180531647,-0.0030442524
1.8862440328642904,-14.245620042282992,2.8259795189497954,-15.031436630994527,-0.0078562913
1.885620025684174,-14.272090774059171,2.825759169404361,-15.057976438979589,-0.0134908389
1.8864147613882492,-14.29856260696356,2.825643548568648,-15.084518440014337,-0.0034109119
1.8857913809295526,-14.325024141516993,2.825392500091261,-15.111061443617404,-0.0083192902
1.8851668690023824,-14.35150229110182,2.825177089012224,-15.137606761441042,-0.0140913161
1.8859528452012173,-14.377981591040188,2.8250657049847634,-15.164154217370513,-0.0039882073
1.8853291928515652,-14.404450911550734,2.8248207502120892,-15.190702644631122,-0.0090284358
1.8847040061258544,-14.430936967271657,2.824611828983582,-15.217253328995652,-0.0149909509
1.885478831286863,-14.457424221337607,2.8245061562692384,-15.243806078658176,-0.0048486665
1.8848548324941912,-14.483901925226782,2.824269196985277,-15.270359757146611,-0.0100701906
1.8842286561383865,-14.51039652460486,2.8240687910293523,-15.29691561767419,-0.0163024263
1.8857681184399304,-14.536876990461266,2.8239910291347408,-15.323472824904389,-0.1132588289
1.884995565492514,-14.563364886878299,2.823754497992702,-15.350032153856787,-0.0043500470
1.8843713027961653,-14.58984906372691,2.8235163190292436,-15.376592905087222,-0.0095451242
1.8837449652544669,-14.616350130528911,2.8233146511572778,-15.40315585049702,-0.0157366484
1.885293208342906,-14.642836918522539,2.8232349820363476,-15.429720158966113,-0.1132207324
1.8845239873189499,-14.669331128691226,2.8229970521836676,-15.456286607273302,-0.0036822850
1.8838994749626614,-14.695821350325877,2.8227564427647978,-15.482854491133487,-0.0088235049
1.8832730830084552,-14.72232843428375,2.8225522271962458,-15.509424592799878,-0.0149340576
1.8840347660573225,-14.748836934873712,2.822449593720653,-15.535996710442122,-0.0048142220
1.8834098040507927,-14.775336173496413,2.8222188095287275,-15.562569736598757,-0.0101874507
1.8827820491940934,-14.801852476967705,2.8220250646390563,-15.589144888127315,-0.0166499397
1.8842842043016024,-14.82835522481767,2.8219507955830623,-15.615721332546897,-0.1113671427
